miRNA,lncRNA
hsa-miR-186-5p,LINC01128
hsa-miR-19a-3p,LINC01128
hsa-miR-19b-3p,LINC01128
hsa-miR-208a-3p,LINC01128
hsa-miR-25-3p,LINC01128
hsa-miR-299-3p,LINC01128
hsa-miR-32-5p,LINC01128
hsa-miR-363-3p,LINC01128
hsa-miR-367-3p,LINC01128
hsa-miR-590-3p,LINC01128
hsa-miR-92a-3p,LINC01128
hsa-miR-92b-3p,LINC01128
hsa-miR-138-5p,LINC02593
hsa-miR-149-5p,LINC02593
hsa-miR-320b,LINC02593
hsa-miR-320c,LINC02593
hsa-miR-320d,LINC02593
hsa-miR-377-3p,LINC02593
hsa-miR-4429,LINC02593
hsa-miR-485-5p,LINC02593
hsa-miR-873-5p,LINC02593
hsa-miR-155-5p,LINC01772
hsa-miR-199a-5p,LINC01783
hsa-miR-199b-5p,LINC01783
hsa-miR-125a-5p,LINC01654
hsa-miR-125b-5p,LINC01654
hsa-miR-1271-5p,PINK1-AS
hsa-miR-134-5p,PINK1-AS
hsa-miR-141-3p,PINK1-AS
hsa-miR-200a-3p,PINK1-AS
hsa-miR-96-5p,PINK1-AS
hsa-miR-128-3p,LINC00339
hsa-miR-130a-3p,LINC00339
hsa-miR-130b-3p,LINC00339
hsa-miR-148a-3p,LINC00339
hsa-miR-148b-3p,LINC00339
hsa-miR-152-3p,LINC00339
hsa-miR-15a-5p,LINC00339
hsa-miR-15b-5p,LINC00339
hsa-miR-16-5p,LINC00339
hsa-miR-195-5p,LINC00339
hsa-miR-19a-3p,LINC00339
hsa-miR-19b-3p,LINC00339
hsa-miR-214-3p,LINC00339
hsa-miR-218-5p,LINC00339
hsa-miR-219a-5p,LINC00339
hsa-miR-301a-3p,LINC00339
hsa-miR-338-3p,LINC00339
hsa-miR-3619-5p,LINC00339
hsa-miR-377-3p,LINC00339
hsa-miR-424-5p,LINC00339
hsa-miR-4295,LINC00339
hsa-miR-454-3p,LINC00339
hsa-miR-497-5p,LINC00339
hsa-miR-539-5p,LINC00339
hsa-miR-761,LINC00339
hsa-miR-135a-5p,SNHG3
hsa-miR-135b-5p,SNHG3
hsa-miR-139-5p,SNHG3
hsa-miR-182-5p,SNHG3
hsa-miR-186-5p,SNHG3
hsa-miR-196a-5p,SNHG3
hsa-miR-196b-5p,SNHG3
hsa-miR-216a-5p,SNHG3
hsa-miR-326,SNHG3
hsa-miR-330-5p,SNHG3
hsa-miR-340-5p,SNHG3
hsa-miR-371a-5p,SNHG3
hsa-miR-384,SNHG3
hsa-miR-485-5p,SNHG3
hsa-miR-544a,SNHG3
hsa-miR-758-3p,SNHG3
hsa-miR-138-5p,SNHG12
hsa-miR-15a-5p,SNHG12
hsa-miR-15b-5p,SNHG12
hsa-miR-16-5p,SNHG12
hsa-miR-181a-5p,SNHG12
hsa-miR-181b-5p,SNHG12
hsa-miR-181c-5p,SNHG12
hsa-miR-181d-5p,SNHG12
hsa-miR-195-5p,SNHG12
hsa-miR-197-3p,SNHG12
hsa-miR-199a-5p,SNHG12
hsa-miR-199b-5p,SNHG12
hsa-miR-320b,SNHG12
hsa-miR-320c,SNHG12
hsa-miR-320d,SNHG12
hsa-miR-424-5p,SNHG12
hsa-miR-4262,SNHG12
hsa-miR-4429,SNHG12
hsa-miR-494-3p,SNHG12
hsa-miR-497-5p,SNHG12
hsa-miR-503-5p,SNHG12
hsa-miR-200b-3p,MATN1-AS1
hsa-miR-200c-3p,MATN1-AS1
hsa-miR-429,MATN1-AS1
hsa-miR-185-5p,KDM4A-AS1
hsa-miR-4306,KDM4A-AS1
hsa-miR-455-5p,KDM4A-AS1
hsa-miR-134-5p,ERI3-IT1
hsa-miR-149-5p,ERI3-IT1
hsa-miR-15a-5p,ERI3-IT1
hsa-miR-15b-5p,ERI3-IT1
hsa-miR-16-5p,ERI3-IT1
hsa-miR-195-5p,ERI3-IT1
hsa-miR-24-3p,ERI3-IT1
hsa-miR-424-5p,ERI3-IT1
hsa-miR-497-5p,ERI3-IT1
hsa-miR-150-5p,FOXD2-AS1
hsa-miR-185-5p,FOXD2-AS1
hsa-miR-4306,FOXD2-AS1
hsa-miR-136-5p,AGBL4-IT1
hsa-miR-122-5p,DHCR24-DT
hsa-miR-421,DHCR24-DT
hsa-miR-505-3p,DHCR24-DT
hsa-miR-374a-5p,LINC01748
hsa-miR-374b-5p,LINC01748
hsa-miR-340-5p,ZRANB2-AS2
hsa-miR-124-3p,CCDC18-AS1
hsa-miR-128-3p,CCDC18-AS1
hsa-miR-27a-3p,CCDC18-AS1
hsa-miR-27b-3p,CCDC18-AS1
hsa-miR-338-3p,CCDC18-AS1
hsa-miR-362-3p,CCDC18-AS1
hsa-miR-495-3p,CCDC18-AS1
hsa-miR-149-5p,LINC01356
hsa-miR-182-5p,WARS2-AS1
hsa-miR-19a-3p,WARS2-AS1
hsa-miR-19b-3p,WARS2-AS1
hsa-miR-142-3p,LINC01719
hsa-miR-155-5p,LINC02802
hsa-miR-134-5p,TDRKH-AS1
hsa-miR-140-5p,TDRKH-AS1
hsa-miR-186-5p,FLG-AS1
hsa-miR-365a-3p,FLG-AS1
hsa-miR-326,RUSC1-AS1
hsa-miR-330-5p,RUSC1-AS1
hsa-miR-340-5p,RUSC1-AS1
hsa-miR-539-5p,RUSC1-AS1
hsa-miR-362-3p,ASH1L-AS1
hsa-miR-503-5p,ASH1L-AS1
hsa-miR-128-3p,GAS5
hsa-miR-1297,GAS5
hsa-miR-135a-5p,GAS5
hsa-miR-135b-5p,GAS5
hsa-miR-136-5p,GAS5
hsa-miR-18a-5p,GAS5
hsa-miR-18b-5p,GAS5
hsa-miR-196a-5p,GAS5
hsa-miR-196b-5p,GAS5
hsa-miR-205-5p,GAS5
hsa-miR-221-3p,GAS5
hsa-miR-222-3p,GAS5
hsa-miR-223-3p,GAS5
hsa-miR-23a-3p,GAS5
hsa-miR-23b-3p,GAS5
hsa-miR-26a-5p,GAS5
hsa-miR-26b-5p,GAS5
hsa-miR-29a-3p,GAS5
hsa-miR-29b-3p,GAS5
hsa-miR-29c-3p,GAS5
hsa-miR-346,GAS5
hsa-miR-361-5p,GAS5
hsa-miR-374a-5p,GAS5
hsa-miR-374b-5p,GAS5
hsa-miR-433-3p,GAS5
hsa-miR-455-5p,GAS5
hsa-miR-485-5p,GAS5
hsa-miR-544a,GAS5
hsa-miR-590-3p,GAS5
hsa-miR-873-5p,GAS5
hsa-miR-876-5p,GAS5
hsa-miR-15a-5p,RASAL2-AS1
hsa-miR-15b-5p,RASAL2-AS1
hsa-miR-16-5p,RASAL2-AS1
hsa-miR-195-5p,RASAL2-AS1
hsa-miR-371a-5p,RASAL2-AS1
hsa-miR-424-5p,RASAL2-AS1
hsa-miR-497-5p,RASAL2-AS1
hsa-miR-433-3p,LINC01036
hsa-miR-106a-5p,MIR181A1HG
hsa-miR-106b-5p,MIR181A1HG
hsa-miR-1297,MIR181A1HG
hsa-miR-17-5p,MIR181A1HG
hsa-miR-20a-5p,MIR181A1HG
hsa-miR-20b-5p,MIR181A1HG
hsa-miR-26a-5p,MIR181A1HG
hsa-miR-26b-5p,MIR181A1HG
hsa-miR-302a-3p,MIR181A1HG
hsa-miR-302b-3p,MIR181A1HG
hsa-miR-302c-3p,MIR181A1HG
hsa-miR-302d-3p,MIR181A1HG
hsa-miR-302e,MIR181A1HG
hsa-miR-339-5p,MIR181A1HG
hsa-miR-372-3p,MIR181A1HG
hsa-miR-373-3p,MIR181A1HG
hsa-miR-519d-3p,MIR181A1HG
hsa-miR-520a-3p,MIR181A1HG
hsa-miR-520c-3p,MIR181A1HG
hsa-miR-520d-3p,MIR181A1HG
hsa-miR-874-3p,MIR181A1HG
hsa-miR-93-5p,MIR181A1HG
hsa-miR-326,PCAT6
hsa-miR-330-5p,PCAT6
hsa-miR-155-5p,LEMD1-AS1
hsa-miR-374a-5p,LEMD1-AS1
hsa-miR-374b-5p,LEMD1-AS1
hsa-miR-224-5p,KCNH1-IT1
hsa-miR-18a-5p,LINC00467
hsa-miR-18b-5p,LINC00467
hsa-miR-101-3p,DISP1
hsa-miR-1297,DISP1
hsa-miR-194-5p,DISP1
hsa-miR-26a-5p,DISP1
hsa-miR-26b-5p,DISP1
hsa-miR-421,DISP1
hsa-miR-1297,LINC01703
hsa-miR-26a-5p,LINC01703
hsa-miR-26b-5p,LINC01703
hsa-miR-34a-5p,LINC01641
hsa-miR-34c-5p,LINC01641
hsa-miR-449a,LINC01641
hsa-miR-551a,LINC01641
hsa-miR-130a-3p,PRKCQ-AS1
hsa-miR-130b-3p,PRKCQ-AS1
hsa-miR-140-5p,PRKCQ-AS1
hsa-miR-143-3p,PRKCQ-AS1
hsa-miR-182-5p,PRKCQ-AS1
hsa-miR-19a-3p,PRKCQ-AS1
hsa-miR-19b-3p,PRKCQ-AS1
hsa-miR-301a-3p,PRKCQ-AS1
hsa-miR-4295,PRKCQ-AS1
hsa-miR-454-3p,PRKCQ-AS1
hsa-miR-544a,PRKCQ-AS1
hsa-miR-197-3p,VIM-AS1
hsa-miR-142-3p,ST8SIA6-AS1
hsa-miR-1271-5p,WAC-AS1
hsa-miR-218-5p,WAC-AS1
hsa-miR-320b,WAC-AS1
hsa-miR-320c,WAC-AS1
hsa-miR-320d,WAC-AS1
hsa-miR-4429,WAC-AS1
hsa-miR-96-5p,WAC-AS1
hsa-miR-33a-5p,ZNF503-AS2
hsa-miR-33b-5p,ZNF503-AS2
hsa-miR-185-5p,NUTM2B-AS1
hsa-miR-30a-5p,NUTM2B-AS1
hsa-miR-30b-5p,NUTM2B-AS1
hsa-miR-30c-5p,NUTM2B-AS1
hsa-miR-30d-5p,NUTM2B-AS1
hsa-miR-30e-5p,NUTM2B-AS1
hsa-miR-4306,NUTM2B-AS1
hsa-miR-148a-3p,NUTM2B-AS1
hsa-miR-148b-3p,NUTM2B-AS1
hsa-miR-152-3p,NUTM2B-AS1
hsa-miR-15a-5p,NUTM2B-AS1
hsa-miR-15b-5p,NUTM2B-AS1
hsa-miR-16-5p,NUTM2B-AS1
hsa-miR-195-5p,NUTM2B-AS1
hsa-miR-214-3p,NUTM2B-AS1
hsa-miR-361-5p,NUTM2B-AS1
hsa-miR-3619-5p,NUTM2B-AS1
hsa-miR-421,NUTM2B-AS1
hsa-miR-424-5p,NUTM2B-AS1
hsa-miR-497-5p,NUTM2B-AS1
hsa-miR-544a,NUTM2B-AS1
hsa-miR-761,NUTM2B-AS1
hsa-let-7a-5p,NUTM2A-AS1
hsa-let-7b-5p,NUTM2A-AS1
hsa-let-7c-5p,NUTM2A-AS1
hsa-let-7d-5p,NUTM2A-AS1
hsa-let-7e-5p,NUTM2A-AS1
hsa-let-7f-5p,NUTM2A-AS1
hsa-let-7g-5p,NUTM2A-AS1
hsa-let-7i-5p,NUTM2A-AS1
hsa-miR-103a-3p,NUTM2A-AS1
hsa-miR-107,NUTM2A-AS1
hsa-miR-129-5p,NUTM2A-AS1
hsa-miR-130a-3p,NUTM2A-AS1
hsa-miR-130b-3p,NUTM2A-AS1
hsa-miR-138-5p,NUTM2A-AS1
hsa-miR-148a-3p,NUTM2A-AS1
hsa-miR-148b-3p,NUTM2A-AS1
hsa-miR-152-3p,NUTM2A-AS1
hsa-miR-15a-5p,NUTM2A-AS1
hsa-miR-15b-5p,NUTM2A-AS1
hsa-miR-16-5p,NUTM2A-AS1
hsa-miR-195-5p,NUTM2A-AS1
hsa-miR-206,NUTM2A-AS1
hsa-miR-214-3p,NUTM2A-AS1
hsa-miR-301a-3p,NUTM2A-AS1
hsa-miR-34a-5p,NUTM2A-AS1
hsa-miR-34c-5p,NUTM2A-AS1
hsa-miR-3619-5p,NUTM2A-AS1
hsa-miR-376a-3p,NUTM2A-AS1
hsa-miR-376b-3p,NUTM2A-AS1
hsa-miR-424-5p,NUTM2A-AS1
hsa-miR-4295,NUTM2A-AS1
hsa-miR-4458,NUTM2A-AS1
hsa-miR-449a,NUTM2A-AS1
hsa-miR-454-3p,NUTM2A-AS1
hsa-miR-497-5p,NUTM2A-AS1
hsa-miR-539-5p,NUTM2A-AS1
hsa-miR-613,NUTM2A-AS1
hsa-miR-761,NUTM2A-AS1
hsa-miR-98-5p,NUTM2A-AS1
hsa-miR-218-5p,LINC00863
hsa-miR-182-5p,ENTPD1-AS1
hsa-miR-27a-3p,ENTPD1-AS1
hsa-miR-27b-3p,ENTPD1-AS1
hsa-miR-365a-3p,ENTPD1-AS1
hsa-let-7a-5p,OLMALINC
hsa-let-7b-5p,OLMALINC
hsa-let-7c-5p,OLMALINC
hsa-let-7d-5p,OLMALINC
hsa-let-7e-5p,OLMALINC
hsa-let-7f-5p,OLMALINC
hsa-let-7g-5p,OLMALINC
hsa-let-7i-5p,OLMALINC
hsa-miR-129-5p,OLMALINC
hsa-miR-144-3p,OLMALINC
hsa-miR-4458,OLMALINC
hsa-miR-98-5p,OLMALINC
hsa-miR-182-5p,LBX1-AS1
hsa-miR-503-5p,LBX1-AS1
hsa-miR-129-5p,C10orf95-AS1
hsa-miR-135a-5p,C10orf95-AS1
hsa-miR-135b-5p,C10orf95-AS1
hsa-miR-218-5p,C10orf95-AS1
hsa-miR-324-5p,C10orf95-AS1
hsa-miR-338-3p,C10orf95-AS1
hsa-miR-410-3p,C10orf95-AS1
hsa-miR-590-3p,C10orf95-AS1
hsa-miR-18a-5p,CASC2
hsa-miR-18b-5p,CASC2
hsa-miR-197-3p,GRK5-IT1
hsa-miR-15a-5p,EDRF1-DT
hsa-miR-15b-5p,EDRF1-DT
hsa-miR-16-5p,EDRF1-DT
hsa-miR-195-5p,EDRF1-DT
hsa-miR-30a-5p,EDRF1-DT
hsa-miR-30b-5p,EDRF1-DT
hsa-miR-30c-5p,EDRF1-DT
hsa-miR-30d-5p,EDRF1-DT
hsa-miR-30e-5p,EDRF1-DT
hsa-miR-424-5p,EDRF1-DT
hsa-miR-497-5p,EDRF1-DT
hsa-miR-539-5p,EDRF1-DT
hsa-miR-153-3p,MIR202HG
hsa-miR-485-5p,LINC01001
hsa-miR-28-5p,LMNTD2-AS1
hsa-miR-34a-5p,LMNTD2-AS1
hsa-miR-34c-5p,LMNTD2-AS1
hsa-miR-449a,LMNTD2-AS1
hsa-miR-708-5p,LMNTD2-AS1
hsa-miR-874-3p,LMNTD2-AS1
hsa-miR-421,KRTAP5-AS1
hsa-miR-103a-3p,H19
hsa-miR-106a-5p,H19
hsa-miR-106b-5p,H19
hsa-miR-107,H19
hsa-miR-130a-3p,H19
hsa-miR-130b-3p,H19
hsa-miR-138-5p,H19
hsa-miR-140-5p,H19
hsa-miR-148a-3p,H19
hsa-miR-148b-3p,H19
hsa-miR-152-3p,H19
hsa-miR-17-5p,H19
hsa-miR-18a-5p,H19
hsa-miR-18b-5p,H19
hsa-miR-193a-3p,H19
hsa-miR-193b-3p,H19
hsa-miR-194-5p,H19
hsa-miR-196a-5p,H19
hsa-miR-196b-5p,H19
hsa-miR-19a-3p,H19
hsa-miR-19b-3p,H19
hsa-miR-20a-5p,H19
hsa-miR-20b-5p,H19
hsa-miR-216b-5p,H19
hsa-miR-29a-3p,H19
hsa-miR-29b-3p,H19
hsa-miR-29c-3p,H19
hsa-miR-301a-3p,H19
hsa-miR-339-5p,H19
hsa-miR-370-3p,H19
hsa-miR-4295,H19
hsa-miR-454-3p,H19
hsa-miR-491-5p,H19
hsa-miR-519d-3p,H19
hsa-miR-599,H19
hsa-miR-93-5p,H19
hsa-miR-140-5p,SBF2-AS1
hsa-miR-338-3p,SBF2-AS1
hsa-miR-362-3p,SBF2-AS1
hsa-miR-185-5p,LINC00958
hsa-miR-214-3p,LINC00958
hsa-miR-3619-5p,LINC00958
hsa-miR-4306,LINC00958
hsa-miR-490-3p,LINC00958
hsa-miR-761,LINC00958
hsa-miR-101-3p,SNHG1
hsa-miR-140-5p,SNHG1
hsa-miR-145-5p,SNHG1
hsa-miR-154-5p,SNHG1
hsa-miR-15a-5p,SNHG1
hsa-miR-15b-5p,SNHG1
hsa-miR-16-5p,SNHG1
hsa-miR-182-5p,SNHG1
hsa-miR-18a-5p,SNHG1
hsa-miR-18b-5p,SNHG1
hsa-miR-195-5p,SNHG1
hsa-miR-21-5p,SNHG1
hsa-miR-216b-5p,SNHG1
hsa-miR-326,SNHG1
hsa-miR-328-3p,SNHG1
hsa-miR-330-5p,SNHG1
hsa-miR-376a-3p,SNHG1
hsa-miR-376b-3p,SNHG1
hsa-miR-377-3p,SNHG1
hsa-miR-383-5p,SNHG1
hsa-miR-421,SNHG1
hsa-miR-424-5p,SNHG1
hsa-miR-497-5p,SNHG1
hsa-miR-590-3p,SNHG1
hsa-miR-590-5p,SNHG1
hsa-let-7a-5p,NEAT1
hsa-let-7b-5p,NEAT1
hsa-let-7c-5p,NEAT1
hsa-let-7d-5p,NEAT1
hsa-let-7e-5p,NEAT1
hsa-let-7f-5p,NEAT1
hsa-let-7g-5p,NEAT1
hsa-let-7i-5p,NEAT1
hsa-miR-101-3p,NEAT1
hsa-miR-103a-3p,NEAT1
hsa-miR-107,NEAT1
hsa-miR-10a-5p,NEAT1
hsa-miR-10b-5p,NEAT1
hsa-miR-124-3p,NEAT1
hsa-miR-125a-3p,NEAT1
hsa-miR-125a-5p,NEAT1
hsa-miR-129-5p,NEAT1
hsa-miR-146a-5p,NEAT1
hsa-miR-146b-5p,NEAT1
hsa-miR-154-5p,NEAT1
hsa-miR-181a-5p,NEAT1
hsa-miR-181b-5p,NEAT1
hsa-miR-181c-5p,NEAT1
hsa-miR-181d-5p,NEAT1
hsa-miR-193a-3p,NEAT1
hsa-miR-193b-3p,NEAT1
hsa-miR-194-5p,NEAT1
hsa-miR-202-3p,NEAT1
hsa-miR-204-5p,NEAT1
hsa-miR-211-5p,NEAT1
hsa-miR-214-3p,NEAT1
hsa-miR-216a-5p,NEAT1
hsa-miR-22-3p,NEAT1
hsa-miR-27a-3p,NEAT1
hsa-miR-27b-3p,NEAT1
hsa-miR-28-5p,NEAT1
hsa-miR-320b,NEAT1
hsa-miR-320c,NEAT1
hsa-miR-320d,NEAT1
hsa-miR-324-5p,NEAT1
hsa-miR-335-5p,NEAT1
hsa-miR-339-5p,NEAT1
hsa-miR-342-3p,NEAT1
hsa-miR-34a-5p,NEAT1
hsa-miR-34c-5p,NEAT1
hsa-miR-3619-5p,NEAT1
hsa-miR-362-3p,NEAT1
hsa-miR-365a-3p,NEAT1
hsa-miR-370-3p,NEAT1
hsa-miR-371a-5p,NEAT1
hsa-miR-377-3p,NEAT1
hsa-miR-379-5p,NEAT1
hsa-miR-383-5p,NEAT1
hsa-miR-425-5p,NEAT1
hsa-miR-4262,NEAT1
hsa-miR-433-3p,NEAT1
hsa-miR-4429,NEAT1
hsa-miR-4458,NEAT1
hsa-miR-449a,NEAT1
hsa-miR-495-3p,NEAT1
hsa-miR-499a-5p,NEAT1
hsa-miR-503-5p,NEAT1
hsa-miR-505-3p,NEAT1
hsa-miR-539-5p,NEAT1
hsa-miR-543,NEAT1
hsa-miR-590-3p,NEAT1
hsa-miR-708-5p,NEAT1
hsa-miR-761,NEAT1
hsa-miR-9-5p,NEAT1
hsa-miR-98-5p,NEAT1
hsa-miR-125a-3p,LINC01537
hsa-miR-138-5p,LINC01537
hsa-miR-376c-3p,RAB30-DT
hsa-miR-542-3p,RAB30-DT
hsa-let-7a-5p,PCF11-AS1
hsa-let-7b-5p,PCF11-AS1
hsa-let-7c-5p,PCF11-AS1
hsa-let-7d-5p,PCF11-AS1
hsa-let-7e-5p,PCF11-AS1
hsa-let-7f-5p,PCF11-AS1
hsa-let-7g-5p,PCF11-AS1
hsa-let-7i-5p,PCF11-AS1
hsa-miR-4458,PCF11-AS1
hsa-miR-98-5p,PCF11-AS1
hsa-let-7a-5p,ANKRD42-DT
hsa-let-7b-5p,ANKRD42-DT
hsa-let-7c-5p,ANKRD42-DT
hsa-let-7d-5p,ANKRD42-DT
hsa-let-7e-5p,ANKRD42-DT
hsa-let-7f-5p,ANKRD42-DT
hsa-let-7g-5p,ANKRD42-DT
hsa-let-7i-5p,ANKRD42-DT
hsa-miR-4458,ANKRD42-DT
hsa-miR-98-5p,ANKRD42-DT
hsa-miR-210-3p,SCARNA9
hsa-miR-216a-5p,SCARNA9
hsa-miR-362-3p,SCARNA9
hsa-miR-376a-3p,SCARNA9
hsa-miR-376b-3p,SCARNA9
hsa-miR-379-5p,SCARNA9
hsa-miR-132-3p,USP2-AS1
hsa-miR-212-3p,USP2-AS1
hsa-miR-302a-3p,USP2-AS1
hsa-miR-302b-3p,USP2-AS1
hsa-miR-302c-3p,USP2-AS1
hsa-miR-302d-3p,USP2-AS1
hsa-miR-302e,USP2-AS1
hsa-miR-372-3p,USP2-AS1
hsa-miR-373-3p,USP2-AS1
hsa-miR-520a-3p,USP2-AS1
hsa-miR-520c-3p,USP2-AS1
hsa-miR-520d-3p,USP2-AS1
hsa-miR-34a-5p,SORL1-AS1
hsa-miR-34c-5p,SORL1-AS1
hsa-miR-449a,SORL1-AS1
hsa-miR-103a-3p,ESAM-AS1
hsa-miR-107,ESAM-AS1
hsa-miR-15a-5p,ESAM-AS1
hsa-miR-15b-5p,ESAM-AS1
hsa-miR-16-5p,ESAM-AS1
hsa-miR-195-5p,ESAM-AS1
hsa-miR-424-5p,ESAM-AS1
hsa-miR-497-5p,ESAM-AS1
hsa-miR-149-5p,NINJ2-AS1
hsa-miR-155-5p,NINJ2-AS1
hsa-miR-15a-5p,NINJ2-AS1
hsa-miR-15b-5p,NINJ2-AS1
hsa-miR-16-5p,NINJ2-AS1
hsa-miR-186-5p,NINJ2-AS1
hsa-miR-195-5p,NINJ2-AS1
hsa-miR-19a-3p,NINJ2-AS1
hsa-miR-19b-3p,NINJ2-AS1
hsa-miR-224-5p,NINJ2-AS1
hsa-miR-424-5p,NINJ2-AS1
hsa-miR-497-5p,NINJ2-AS1
hsa-miR-143-3p,C1RL-AS1
hsa-miR-155-5p,C1RL-AS1
hsa-miR-15a-5p,C1RL-AS1
hsa-miR-15b-5p,C1RL-AS1
hsa-miR-16-5p,C1RL-AS1
hsa-miR-182-5p,C1RL-AS1
hsa-miR-194-5p,C1RL-AS1
hsa-miR-195-5p,C1RL-AS1
hsa-miR-216b-5p,C1RL-AS1
hsa-miR-326,C1RL-AS1
hsa-miR-330-5p,C1RL-AS1
hsa-miR-424-5p,C1RL-AS1
hsa-miR-497-5p,C1RL-AS1
hsa-let-7a-5p,KLRK1-AS1
hsa-let-7b-5p,KLRK1-AS1
hsa-let-7c-5p,KLRK1-AS1
hsa-let-7d-5p,KLRK1-AS1
hsa-let-7e-5p,KLRK1-AS1
hsa-let-7f-5p,KLRK1-AS1
hsa-let-7g-5p,KLRK1-AS1
hsa-let-7i-5p,KLRK1-AS1
hsa-miR-136-5p,KLRK1-AS1
hsa-miR-379-5p,KLRK1-AS1
hsa-miR-4458,KLRK1-AS1
hsa-miR-98-5p,KLRK1-AS1
hsa-miR-194-5p,RASSF8-AS1
hsa-miR-31-5p,RASSF8-AS1
hsa-miR-590-3p,RASSF8-AS1
hsa-miR-599,RPAP3-DT
hsa-miR-18a-5p,BCDIN3D-AS1
hsa-miR-18b-5p,BCDIN3D-AS1
hsa-miR-106a-5p,HOTAIR
hsa-miR-106b-5p,HOTAIR
hsa-miR-130a-3p,HOTAIR
hsa-miR-130b-3p,HOTAIR
hsa-miR-148a-3p,HOTAIR
hsa-miR-148b-3p,HOTAIR
hsa-miR-152-3p,HOTAIR
hsa-miR-17-5p,HOTAIR
hsa-miR-19a-3p,HOTAIR
hsa-miR-19b-3p,HOTAIR
hsa-miR-206,HOTAIR
hsa-miR-20a-5p,HOTAIR
hsa-miR-20b-5p,HOTAIR
hsa-miR-214-3p,HOTAIR
hsa-miR-221-3p,HOTAIR
hsa-miR-222-3p,HOTAIR
hsa-miR-301a-3p,HOTAIR
hsa-miR-326,HOTAIR
hsa-miR-330-5p,HOTAIR
hsa-miR-3619-5p,HOTAIR
hsa-miR-4295,HOTAIR
hsa-miR-454-3p,HOTAIR
hsa-miR-519d-3p,HOTAIR
hsa-miR-613,HOTAIR
hsa-miR-761,HOTAIR
hsa-miR-93-5p,HOTAIR
hsa-miR-361-5p,GIHCG
hsa-miR-499a-5p,GIHCG
hsa-miR-590-3p,GIHCG
hsa-miR-224-5p,LINC02820
hsa-miR-411-5p,BTG1-DT
hsa-miR-370-3p,LINC02397
hsa-miR-320b,TMPO-AS1
hsa-miR-320c,TMPO-AS1
hsa-miR-320d,TMPO-AS1
hsa-miR-4429,TMPO-AS1
hsa-miR-7-5p,TMPO-AS1
hsa-miR-361-5p,LINC00485
hsa-miR-182-5p,LINC02457
hsa-miR-23a-3p,LINC02457
hsa-miR-23b-3p,LINC02457
hsa-miR-182-5p,LINC00173
hsa-miR-23a-3p,LINC00173
hsa-miR-23b-3p,LINC00173
hsa-miR-130a-3p,LINC01089
hsa-miR-130b-3p,LINC01089
hsa-miR-148a-3p,LINC01089
hsa-miR-148b-3p,LINC01089
hsa-miR-152-3p,LINC01089
hsa-miR-192-5p,LINC01089
hsa-miR-215-5p,LINC01089
hsa-miR-27a-3p,LINC01089
hsa-miR-27b-3p,LINC01089
hsa-miR-301a-3p,LINC01089
hsa-miR-30a-5p,LINC01089
hsa-miR-30b-5p,LINC01089
hsa-miR-30c-5p,LINC01089
hsa-miR-30d-5p,LINC01089
hsa-miR-30e-5p,LINC01089
hsa-miR-4295,LINC01089
hsa-miR-454-3p,LINC01089
hsa-miR-143-3p,LINC00944
hsa-miR-199a-5p,LINC00944
hsa-miR-199b-5p,LINC00944
hsa-miR-544a,FZD10-AS1
hsa-miR-30a-5p,TPT1-AS1
hsa-miR-30b-5p,TPT1-AS1
hsa-miR-30c-5p,TPT1-AS1
hsa-miR-30d-5p,TPT1-AS1
hsa-miR-30e-5p,TPT1-AS1
hsa-miR-324-5p,TPT1-AS1
hsa-miR-30a-5p,DLEU2
hsa-miR-30b-5p,DLEU2
hsa-miR-30c-5p,DLEU2
hsa-miR-30d-5p,DLEU2
hsa-miR-30e-5p,DLEU2
hsa-miR-374a-5p,DLEU2
hsa-miR-374b-5p,DLEU2
hsa-miR-181a-5p,INTS6-AS1
hsa-miR-181b-5p,INTS6-AS1
hsa-miR-181c-5p,INTS6-AS1
hsa-miR-181d-5p,INTS6-AS1
hsa-miR-223-3p,INTS6-AS1
hsa-miR-411-5p,INTS6-AS1
hsa-miR-4262,INTS6-AS1
hsa-miR-125a-3p,MIR4500HG
hsa-miR-186-5p,MIR4500HG
hsa-miR-421,MIR4500HG
hsa-miR-130a-3p,MIR17HG
hsa-miR-130b-3p,MIR17HG
hsa-miR-144-3p,MIR17HG
hsa-miR-153-3p,MIR17HG
hsa-miR-155-5p,MIR17HG
hsa-miR-223-3p,MIR17HG
hsa-miR-301a-3p,MIR17HG
hsa-miR-302a-3p,MIR17HG
hsa-miR-302b-3p,MIR17HG
hsa-miR-302c-3p,MIR17HG
hsa-miR-302d-3p,MIR17HG
hsa-miR-302e,MIR17HG
hsa-miR-372-3p,MIR17HG
hsa-miR-373-3p,MIR17HG
hsa-miR-377-3p,MIR17HG
hsa-miR-421,MIR17HG
hsa-miR-4295,MIR17HG
hsa-miR-454-3p,MIR17HG
hsa-miR-520a-3p,MIR17HG
hsa-miR-520c-3p,MIR17HG
hsa-miR-520d-3p,MIR17HG
hsa-miR-590-3p,MIR17HG
hsa-miR-144-3p,DNAJC3-DT
hsa-miR-27a-3p,DNAJC3-DT
hsa-miR-27b-3p,DNAJC3-DT
hsa-miR-485-5p,COL4A2-AS2
hsa-miR-485-5p,LINC01070
hsa-miR-383-5p,RASA3-IT1
hsa-miR-153-3p,LINC00641
hsa-miR-194-5p,LINC00641
hsa-miR-197-3p,LINC00641
hsa-miR-200b-3p,LINC00641
hsa-miR-200c-3p,LINC00641
hsa-miR-206,LINC00641
hsa-miR-320b,LINC00641
hsa-miR-320c,LINC00641
hsa-miR-320d,LINC00641
hsa-miR-370-3p,LINC00641
hsa-miR-378a-3p,LINC00641
hsa-miR-378b,LINC00641
hsa-miR-378c,LINC00641
hsa-miR-378e,LINC00641
hsa-miR-378h,LINC00641
hsa-miR-378i,LINC00641
hsa-miR-422a,LINC00641
hsa-miR-425-5p,LINC00641
hsa-miR-429,LINC00641
hsa-miR-4429,LINC00641
hsa-miR-539-5p,LINC00641
hsa-miR-613,LINC00641
hsa-miR-125a-5p,PRMT5-DT
hsa-miR-125b-5p,PRMT5-DT
hsa-miR-183-5p,PRMT5-DT
hsa-miR-193a-3p,PRMT5-DT
hsa-miR-193b-3p,PRMT5-DT
hsa-miR-328-3p,PRMT5-DT
hsa-miR-125a-5p,ZFHX2-AS1
hsa-miR-125b-5p,ZFHX2-AS1
hsa-miR-370-3p,ZFHX2-AS1
hsa-miR-485-5p,ZFHX2-AS1
hsa-miR-10a-5p,AP1G2-AS1
hsa-miR-10b-5p,AP1G2-AS1
hsa-miR-150-5p,AP1G2-AS1
hsa-miR-338-3p,AP1G2-AS1
hsa-miR-139-5p,DHRS4-AS1
hsa-miR-140-5p,DHRS4-AS1
hsa-miR-143-3p,DHRS4-AS1
hsa-miR-148a-3p,DHRS4-AS1
hsa-miR-148b-3p,DHRS4-AS1
hsa-miR-152-3p,DHRS4-AS1
hsa-miR-197-3p,DHRS4-AS1
hsa-miR-204-5p,DHRS4-AS1
hsa-miR-211-5p,DHRS4-AS1
hsa-miR-221-3p,DHRS4-AS1
hsa-miR-222-3p,DHRS4-AS1
hsa-miR-24-3p,DHRS4-AS1
hsa-miR-326,DHRS4-AS1
hsa-miR-330-5p,DHRS4-AS1
hsa-miR-33a-5p,DHRS4-AS1
hsa-miR-33b-5p,DHRS4-AS1
hsa-miR-340-5p,DHRS4-AS1
hsa-miR-411-5p,DHRS4-AS1
hsa-miR-431-5p,DHRS4-AS1
hsa-miR-491-5p,DHRS4-AS1
hsa-let-7a-5p,G2E3-AS1
hsa-let-7b-5p,G2E3-AS1
hsa-let-7c-5p,G2E3-AS1
hsa-let-7d-5p,G2E3-AS1
hsa-let-7e-5p,G2E3-AS1
hsa-let-7f-5p,G2E3-AS1
hsa-let-7g-5p,G2E3-AS1
hsa-let-7i-5p,G2E3-AS1
hsa-miR-15a-5p,G2E3-AS1
hsa-miR-15b-5p,G2E3-AS1
hsa-miR-16-5p,G2E3-AS1
hsa-miR-195-5p,G2E3-AS1
hsa-miR-424-5p,G2E3-AS1
hsa-miR-4458,G2E3-AS1
hsa-miR-497-5p,G2E3-AS1
hsa-miR-98-5p,G2E3-AS1
hsa-miR-216b-5p,BAZ1A-AS1
hsa-miR-496,LINC01588
hsa-miR-153-3p,KTN1-AS1
hsa-miR-23a-3p,KTN1-AS1
hsa-miR-23b-3p,KTN1-AS1
hsa-miR-505-3p,KTN1-AS1
hsa-miR-142-3p,PSMA3-AS1
hsa-miR-144-3p,PSMA3-AS1
hsa-miR-205-5p,PSMA3-AS1
hsa-miR-218-5p,PSMA3-AS1
hsa-miR-320b,PSMA3-AS1
hsa-miR-320c,PSMA3-AS1
hsa-miR-320d,PSMA3-AS1
hsa-miR-382-5p,PSMA3-AS1
hsa-miR-4429,PSMA3-AS1
hsa-miR-448,PSMA3-AS1
hsa-miR-431-5p,PCNX4-DT
hsa-miR-206,PRKCH-AS1
hsa-miR-433-3p,PRKCH-AS1
hsa-miR-613,PRKCH-AS1
hsa-miR-214-3p,VASH1-AS1
hsa-miR-326,VASH1-AS1
hsa-miR-330-5p,VASH1-AS1
hsa-miR-3619-5p,VASH1-AS1
hsa-miR-761,VASH1-AS1
hsa-miR-370-3p,FOXN3-AS1
hsa-miR-154-5p,SNHG10
hsa-miR-219a-5p,MEG3
hsa-miR-361-5p,MEG3
hsa-miR-7-5p,MEG3
hsa-miR-15a-5p,MEG8
hsa-miR-15b-5p,MEG8
hsa-miR-16-5p,MEG8
hsa-miR-195-5p,MEG8
hsa-miR-424-5p,MEG8
hsa-miR-497-5p,MEG8
hsa-miR-185-5p,LINC00638
hsa-miR-216b-5p,LINC00638
hsa-miR-4306,LINC00638
hsa-miR-136-5p,SNHG14
hsa-miR-181a-5p,SNHG14
hsa-miR-181b-5p,SNHG14
hsa-miR-181c-5p,SNHG14
hsa-miR-181d-5p,SNHG14
hsa-miR-206,SNHG14
hsa-miR-25-3p,SNHG14
hsa-miR-32-5p,SNHG14
hsa-miR-340-5p,SNHG14
hsa-miR-363-3p,SNHG14
hsa-miR-367-3p,SNHG14
hsa-miR-376c-3p,SNHG14
hsa-miR-382-5p,SNHG14
hsa-miR-425-5p,SNHG14
hsa-miR-4262,SNHG14
hsa-miR-433-3p,SNHG14
hsa-miR-543,SNHG14
hsa-miR-613,SNHG14
hsa-miR-92a-3p,SNHG14
hsa-miR-92b-3p,SNHG14
hsa-miR-154-5p,RAD51-AS1
hsa-miR-29a-3p,RAD51-AS1
hsa-miR-29b-3p,RAD51-AS1
hsa-miR-29c-3p,RAD51-AS1
hsa-miR-128-3p,OIP5-AS1
hsa-miR-129-5p,OIP5-AS1
hsa-miR-1297,OIP5-AS1
hsa-miR-140-5p,OIP5-AS1
hsa-miR-141-3p,OIP5-AS1
hsa-miR-143-3p,OIP5-AS1
hsa-miR-148a-3p,OIP5-AS1
hsa-miR-148b-3p,OIP5-AS1
hsa-miR-152-3p,OIP5-AS1
hsa-miR-153-3p,OIP5-AS1
hsa-miR-155-5p,OIP5-AS1
hsa-miR-183-5p,OIP5-AS1
hsa-miR-186-5p,OIP5-AS1
hsa-miR-18a-5p,OIP5-AS1
hsa-miR-18b-5p,OIP5-AS1
hsa-miR-200a-3p,OIP5-AS1
hsa-miR-200b-3p,OIP5-AS1
hsa-miR-200c-3p,OIP5-AS1
hsa-miR-216a-5p,OIP5-AS1
hsa-miR-216b-5p,OIP5-AS1
hsa-miR-218-5p,OIP5-AS1
hsa-miR-223-3p,OIP5-AS1
hsa-miR-22-3p,OIP5-AS1
hsa-miR-25-3p,OIP5-AS1
hsa-miR-26a-5p,OIP5-AS1
hsa-miR-26b-5p,OIP5-AS1
hsa-miR-28-5p,OIP5-AS1
hsa-miR-29a-3p,OIP5-AS1
hsa-miR-29b-3p,OIP5-AS1
hsa-miR-29c-3p,OIP5-AS1
hsa-miR-300,OIP5-AS1
hsa-miR-30a-5p,OIP5-AS1
hsa-miR-30b-5p,OIP5-AS1
hsa-miR-30c-5p,OIP5-AS1
hsa-miR-30d-5p,OIP5-AS1
hsa-miR-30e-5p,OIP5-AS1
hsa-miR-320b,OIP5-AS1
hsa-miR-320c,OIP5-AS1
hsa-miR-320d,OIP5-AS1
hsa-miR-32-5p,OIP5-AS1
hsa-miR-335-5p,OIP5-AS1
hsa-miR-338-3p,OIP5-AS1
hsa-miR-340-5p,OIP5-AS1
hsa-miR-363-3p,OIP5-AS1
hsa-miR-367-3p,OIP5-AS1
hsa-miR-374a-5p,OIP5-AS1
hsa-miR-374b-5p,OIP5-AS1
hsa-miR-376a-3p,OIP5-AS1
hsa-miR-376b-3p,OIP5-AS1
hsa-miR-378a-3p,OIP5-AS1
hsa-miR-378b,OIP5-AS1
hsa-miR-378c,OIP5-AS1
hsa-miR-378e,OIP5-AS1
hsa-miR-378h,OIP5-AS1
hsa-miR-378i,OIP5-AS1
hsa-miR-381-3p,OIP5-AS1
hsa-miR-410-3p,OIP5-AS1
hsa-miR-421,OIP5-AS1
hsa-miR-422a,OIP5-AS1
hsa-miR-429,OIP5-AS1
hsa-miR-4429,OIP5-AS1
hsa-miR-448,OIP5-AS1
hsa-miR-455-5p,OIP5-AS1
hsa-miR-495-3p,OIP5-AS1
hsa-miR-543,OIP5-AS1
hsa-miR-708-5p,OIP5-AS1
hsa-miR-7-5p,OIP5-AS1
hsa-miR-92a-3p,OIP5-AS1
hsa-miR-92b-3p,OIP5-AS1
hsa-miR-128-3p,EIF3J-DT
hsa-miR-23a-3p,EIF3J-DT
hsa-miR-23b-3p,EIF3J-DT
hsa-miR-485-5p,DUT-AS1
hsa-miR-101-3p,GABPB1-AS1
hsa-miR-145-5p,IQCH-AS1
hsa-miR-15a-5p,IQCH-AS1
hsa-miR-15b-5p,IQCH-AS1
hsa-miR-16-5p,IQCH-AS1
hsa-miR-195-5p,IQCH-AS1
hsa-miR-424-5p,IQCH-AS1
hsa-miR-497-5p,IQCH-AS1
hsa-miR-18a-5p,LOXL1-AS1
hsa-miR-18b-5p,LOXL1-AS1
hsa-miR-28-5p,LOXL1-AS1
hsa-miR-374a-5p,LOXL1-AS1
hsa-miR-374b-5p,LOXL1-AS1
hsa-miR-708-5p,LOXL1-AS1
hsa-miR-144-3p,UBL7-DT
hsa-miR-197-3p,UBL7-DT
hsa-miR-873-5p,UBL7-DT
hsa-miR-539-5p,SNHG21
hsa-miR-599,SNHG21
hsa-miR-320b,NR2F2-AS1
hsa-miR-320c,NR2F2-AS1
hsa-miR-320d,NR2F2-AS1
hsa-miR-4429,NR2F2-AS1
hsa-miR-125a-3p,ALDH1A3-AS1
hsa-miR-15a-5p,ALDH1A3-AS1
hsa-miR-15b-5p,ALDH1A3-AS1
hsa-miR-16-5p,ALDH1A3-AS1
hsa-miR-195-5p,ALDH1A3-AS1
hsa-miR-27a-3p,ALDH1A3-AS1
hsa-miR-27b-3p,ALDH1A3-AS1
hsa-miR-424-5p,ALDH1A3-AS1
hsa-miR-497-5p,ALDH1A3-AS1
hsa-miR-191-5p,CEROX1
hsa-miR-150-5p,LHX1-DT
hsa-miR-134-5p,RAMP2-AS1
hsa-miR-122-5p,ASB16-AS1
hsa-miR-185-5p,ASB16-AS1
hsa-miR-370-3p,ASB16-AS1
hsa-miR-379-5p,ASB16-AS1
hsa-miR-411-5p,ASB16-AS1
hsa-miR-4306,ASB16-AS1
hsa-miR-150-5p,FMNL1-DT
hsa-miR-193a-3p,FMNL1-DT
hsa-miR-193b-3p,FMNL1-DT
hsa-miR-199a-5p,FMNL1-DT
hsa-miR-199b-5p,FMNL1-DT
hsa-miR-34a-5p,FMNL1-DT
hsa-miR-34c-5p,FMNL1-DT
hsa-miR-449a,FMNL1-DT
hsa-miR-455-5p,FMNL1-DT
hsa-miR-615-3p,FMNL1-DT
hsa-miR-141-3p,SP2-AS1
hsa-miR-200a-3p,SP2-AS1
hsa-miR-106a-5p,LINC02086
hsa-miR-106b-5p,LINC02086
hsa-miR-17-5p,LINC02086
hsa-miR-20a-5p,LINC02086
hsa-miR-20b-5p,LINC02086
hsa-miR-519d-3p,LINC02086
hsa-miR-93-5p,LINC02086
hsa-miR-23a-3p,TOB1-AS1
hsa-miR-23b-3p,TOB1-AS1
hsa-miR-27a-3p,TOB1-AS1
hsa-miR-27b-3p,TOB1-AS1
hsa-miR-134-5p,TSPOAP1-AS1
hsa-miR-361-5p,TSPOAP1-AS1
hsa-let-7a-5p,ARHGAP27P1-BPTFP1-KPNA2P3
hsa-let-7b-5p,ARHGAP27P1-BPTFP1-KPNA2P3
hsa-let-7c-5p,ARHGAP27P1-BPTFP1-KPNA2P3
hsa-let-7d-5p,ARHGAP27P1-BPTFP1-KPNA2P3
hsa-let-7e-5p,ARHGAP27P1-BPTFP1-KPNA2P3
hsa-let-7f-5p,ARHGAP27P1-BPTFP1-KPNA2P3
hsa-let-7g-5p,ARHGAP27P1-BPTFP1-KPNA2P3
hsa-let-7i-5p,ARHGAP27P1-BPTFP1-KPNA2P3
hsa-miR-106a-5p,ARHGAP27P1-BPTFP1-KPNA2P3
hsa-miR-106b-5p,ARHGAP27P1-BPTFP1-KPNA2P3
hsa-miR-1271-5p,ARHGAP27P1-BPTFP1-KPNA2P3
hsa-miR-1297,ARHGAP27P1-BPTFP1-KPNA2P3
hsa-miR-144-3p,ARHGAP27P1-BPTFP1-KPNA2P3
hsa-miR-17-5p,ARHGAP27P1-BPTFP1-KPNA2P3
hsa-miR-196a-5p,ARHGAP27P1-BPTFP1-KPNA2P3
hsa-miR-196b-5p,ARHGAP27P1-BPTFP1-KPNA2P3
hsa-miR-20a-5p,ARHGAP27P1-BPTFP1-KPNA2P3
hsa-miR-20b-5p,ARHGAP27P1-BPTFP1-KPNA2P3
hsa-miR-221-3p,ARHGAP27P1-BPTFP1-KPNA2P3
hsa-miR-222-3p,ARHGAP27P1-BPTFP1-KPNA2P3
hsa-miR-26a-5p,ARHGAP27P1-BPTFP1-KPNA2P3
hsa-miR-26b-5p,ARHGAP27P1-BPTFP1-KPNA2P3
hsa-miR-302a-3p,ARHGAP27P1-BPTFP1-KPNA2P3
hsa-miR-302b-3p,ARHGAP27P1-BPTFP1-KPNA2P3
hsa-miR-302c-3p,ARHGAP27P1-BPTFP1-KPNA2P3
hsa-miR-302d-3p,ARHGAP27P1-BPTFP1-KPNA2P3
hsa-miR-302e,ARHGAP27P1-BPTFP1-KPNA2P3
hsa-miR-320b,ARHGAP27P1-BPTFP1-KPNA2P3
hsa-miR-320c,ARHGAP27P1-BPTFP1-KPNA2P3
hsa-miR-320d,ARHGAP27P1-BPTFP1-KPNA2P3
hsa-miR-326,ARHGAP27P1-BPTFP1-KPNA2P3
hsa-miR-330-5p,ARHGAP27P1-BPTFP1-KPNA2P3
hsa-miR-372-3p,ARHGAP27P1-BPTFP1-KPNA2P3
hsa-miR-373-3p,ARHGAP27P1-BPTFP1-KPNA2P3
hsa-miR-376c-3p,ARHGAP27P1-BPTFP1-KPNA2P3
hsa-miR-4429,ARHGAP27P1-BPTFP1-KPNA2P3
hsa-miR-4458,ARHGAP27P1-BPTFP1-KPNA2P3
hsa-miR-495-3p,ARHGAP27P1-BPTFP1-KPNA2P3
hsa-miR-519d-3p,ARHGAP27P1-BPTFP1-KPNA2P3
hsa-miR-520a-3p,ARHGAP27P1-BPTFP1-KPNA2P3
hsa-miR-520c-3p,ARHGAP27P1-BPTFP1-KPNA2P3
hsa-miR-520d-3p,ARHGAP27P1-BPTFP1-KPNA2P3
hsa-miR-599,ARHGAP27P1-BPTFP1-KPNA2P3
hsa-miR-93-5p,ARHGAP27P1-BPTFP1-KPNA2P3
hsa-miR-96-5p,ARHGAP27P1-BPTFP1-KPNA2P3
hsa-miR-98-5p,ARHGAP27P1-BPTFP1-KPNA2P3
hsa-miR-30a-5p,SOX9-AS1
hsa-miR-30b-5p,SOX9-AS1
hsa-miR-30c-5p,SOX9-AS1
hsa-miR-30d-5p,SOX9-AS1
hsa-miR-30e-5p,SOX9-AS1
hsa-miR-150-5p,LINC00511
hsa-miR-15a-5p,LINC00511
hsa-miR-15b-5p,LINC00511
hsa-miR-16-5p,LINC00511
hsa-miR-183-5p,LINC00511
hsa-miR-195-5p,LINC00511
hsa-miR-29a-3p,LINC00511
hsa-miR-29b-3p,LINC00511
hsa-miR-29c-3p,LINC00511
hsa-miR-424-5p,LINC00511
hsa-miR-497-5p,LINC00511
hsa-let-7a-5p,SNHG16
hsa-let-7b-5p,SNHG16
hsa-let-7c-5p,SNHG16
hsa-let-7d-5p,SNHG16
hsa-let-7e-5p,SNHG16
hsa-let-7f-5p,SNHG16
hsa-let-7g-5p,SNHG16
hsa-let-7i-5p,SNHG16
hsa-miR-106a-5p,SNHG16
hsa-miR-106b-5p,SNHG16
hsa-miR-124-3p,SNHG16
hsa-miR-128-3p,SNHG16
hsa-miR-132-3p,SNHG16
hsa-miR-140-5p,SNHG16
hsa-miR-141-3p,SNHG16
hsa-miR-146a-5p,SNHG16
hsa-miR-146b-5p,SNHG16
hsa-miR-15a-5p,SNHG16
hsa-miR-15b-5p,SNHG16
hsa-miR-16-5p,SNHG16
hsa-miR-17-5p,SNHG16
hsa-miR-182-5p,SNHG16
hsa-miR-183-5p,SNHG16
hsa-miR-190a-5p,SNHG16
hsa-miR-195-5p,SNHG16
hsa-miR-196a-5p,SNHG16
hsa-miR-196b-5p,SNHG16
hsa-miR-200a-3p,SNHG16
hsa-miR-205-5p,SNHG16
hsa-miR-20a-5p,SNHG16
hsa-miR-20b-5p,SNHG16
hsa-miR-212-3p,SNHG16
hsa-miR-216a-5p,SNHG16
hsa-miR-23a-3p,SNHG16
hsa-miR-23b-3p,SNHG16
hsa-miR-302a-3p,SNHG16
hsa-miR-302b-3p,SNHG16
hsa-miR-302c-3p,SNHG16
hsa-miR-302d-3p,SNHG16
hsa-miR-302e,SNHG16
hsa-miR-31-5p,SNHG16
hsa-miR-372-3p,SNHG16
hsa-miR-373-3p,SNHG16
hsa-miR-421,SNHG16
hsa-miR-424-5p,SNHG16
hsa-miR-4458,SNHG16
hsa-miR-485-5p,SNHG16
hsa-miR-490-3p,SNHG16
hsa-miR-497-5p,SNHG16
hsa-miR-505-3p,SNHG16
hsa-miR-519d-3p,SNHG16
hsa-miR-520a-3p,SNHG16
hsa-miR-520c-3p,SNHG16
hsa-miR-520d-3p,SNHG16
hsa-miR-544a,SNHG16
hsa-miR-93-5p,SNHG16
hsa-miR-98-5p,SNHG16
hsa-miR-106a-5p,SNHG20
hsa-miR-106b-5p,SNHG20
hsa-miR-140-5p,SNHG20
hsa-miR-17-5p,SNHG20
hsa-miR-19a-3p,SNHG20
hsa-miR-19b-3p,SNHG20
hsa-miR-20a-5p,SNHG20
hsa-miR-20b-5p,SNHG20
hsa-miR-29a-3p,SNHG20
hsa-miR-29b-3p,SNHG20
hsa-miR-29c-3p,SNHG20
hsa-miR-302a-3p,SNHG20
hsa-miR-302b-3p,SNHG20
hsa-miR-302c-3p,SNHG20
hsa-miR-302d-3p,SNHG20
hsa-miR-302e,SNHG20
hsa-miR-342-3p,SNHG20
hsa-miR-372-3p,SNHG20
hsa-miR-373-3p,SNHG20
hsa-miR-490-3p,SNHG20
hsa-miR-495-3p,SNHG20
hsa-miR-519d-3p,SNHG20
hsa-miR-520a-3p,SNHG20
hsa-miR-520c-3p,SNHG20
hsa-miR-520d-3p,SNHG20
hsa-miR-93-5p,SNHG20
hsa-miR-873-5p,RNF213-AS1
hsa-miR-142-3p,LINC00482
hsa-miR-206,LINC00482
hsa-miR-613,LINC00482
hsa-miR-1297,DLGAP1-AS1
hsa-miR-149-5p,DLGAP1-AS1
hsa-miR-26a-5p,DLGAP1-AS1
hsa-miR-26b-5p,DLGAP1-AS1
hsa-miR-153-3p,MIR133A1HG
hsa-miR-135a-5p,LINC01915
hsa-miR-135b-5p,LINC01915
hsa-miR-186-5p,LINC01915
hsa-miR-25-3p,LINC01915
hsa-miR-32-5p,LINC01915
hsa-miR-363-3p,LINC01915
hsa-miR-367-3p,LINC01915
hsa-miR-92a-3p,LINC01915
hsa-miR-92b-3p,LINC01915
hsa-miR-135a-5p,ZNF407-AS1
hsa-miR-135b-5p,ZNF407-AS1
hsa-miR-148a-3p,ZNF407-AS1
hsa-miR-148b-3p,ZNF407-AS1
hsa-miR-152-3p,ZNF407-AS1
hsa-miR-155-5p,ZNF407-AS1
hsa-miR-23a-3p,ZNF407-AS1
hsa-miR-23b-3p,ZNF407-AS1
hsa-miR-24-3p,ZNF407-AS1
hsa-miR-448,ZNF407-AS1
hsa-miR-590-3p,ZNF407-AS1
hsa-miR-874-3p,ZNF407-AS1
hsa-miR-382-5p,LINC01896
hsa-miR-214-3p,RBFADN
hsa-miR-218-5p,RBFADN
hsa-miR-3619-5p,RBFADN
hsa-miR-761,RBFADN
hsa-miR-125a-5p,LINC00661
hsa-miR-125b-5p,LINC00661
hsa-miR-141-3p,LINC00661
hsa-miR-200a-3p,LINC00661
hsa-miR-326,LINC00663
hsa-miR-330-5p,LINC00663
hsa-miR-485-5p,LINC01224
hsa-miR-103a-3p,LINC00662
hsa-miR-107,LINC00662
hsa-miR-143-3p,LINC00662
hsa-miR-144-3p,LINC00662
hsa-miR-15a-5p,LINC00662
hsa-miR-15b-5p,LINC00662
hsa-miR-16-5p,LINC00662
hsa-miR-186-5p,LINC00662
hsa-miR-190a-5p,LINC00662
hsa-miR-195-5p,LINC00662
hsa-miR-199a-5p,LINC00662
hsa-miR-199b-5p,LINC00662
hsa-miR-24-3p,LINC00662
hsa-miR-340-5p,LINC00662
hsa-miR-34a-5p,LINC00662
hsa-miR-34c-5p,LINC00662
hsa-miR-384,LINC00662
hsa-miR-424-5p,LINC00662
hsa-miR-425-5p,LINC00662
hsa-miR-449a,LINC00662
hsa-miR-494-3p,LINC00662
hsa-miR-495-3p,LINC00662
hsa-miR-497-5p,LINC00662
hsa-miR-539-5p,LINC00662
hsa-miR-590-3p,LINC00662
hsa-miR-873-5p,LINC00662
hsa-miR-328-3p,ZNF30-AS1
hsa-miR-365a-3p,ZNF30-AS1
hsa-miR-874-3p,ZNF30-AS1
hsa-miR-103a-3p,TMEM147-AS1
hsa-miR-107,TMEM147-AS1
hsa-miR-124-3p,TMEM147-AS1
hsa-miR-141-3p,TMEM147-AS1
hsa-miR-148b-3p,TMEM147-AS1
hsa-miR-200a-3p,TMEM147-AS1
hsa-miR-224-5p,TMEM147-AS1
hsa-miR-27a-3p,TMEM147-AS1
hsa-miR-27b-3p,TMEM147-AS1
hsa-miR-28-5p,TMEM147-AS1
hsa-miR-30a-5p,TMEM147-AS1
hsa-miR-30b-5p,TMEM147-AS1
hsa-miR-30c-5p,TMEM147-AS1
hsa-miR-30d-5p,TMEM147-AS1
hsa-miR-30e-5p,TMEM147-AS1
hsa-miR-708-5p,TMEM147-AS1
hsa-let-7a-5p,LINC00665
hsa-let-7b-5p,LINC00665
hsa-let-7c-5p,LINC00665
hsa-let-7d-5p,LINC00665
hsa-let-7e-5p,LINC00665
hsa-let-7f-5p,LINC00665
hsa-let-7g-5p,LINC00665
hsa-let-7i-5p,LINC00665
hsa-miR-129-5p,LINC00665
hsa-miR-134-5p,LINC00665
hsa-miR-138-5p,LINC00665
hsa-miR-186-5p,LINC00665
hsa-miR-224-5p,LINC00665
hsa-miR-28-5p,LINC00665
hsa-miR-33a-5p,LINC00665
hsa-miR-33b-5p,LINC00665
hsa-miR-379-5p,LINC00665
hsa-miR-4458,LINC00665
hsa-miR-708-5p,LINC00665
hsa-miR-7-5p,LINC00665
hsa-miR-9-5p,LINC00665
hsa-miR-98-5p,LINC00665
hsa-miR-106a-5p,ZNF790-AS1
hsa-miR-106b-5p,ZNF790-AS1
hsa-miR-17-5p,ZNF790-AS1
hsa-miR-20a-5p,ZNF790-AS1
hsa-miR-20b-5p,ZNF790-AS1
hsa-miR-302a-3p,ZNF790-AS1
hsa-miR-302b-3p,ZNF790-AS1
hsa-miR-302c-3p,ZNF790-AS1
hsa-miR-302d-3p,ZNF790-AS1
hsa-miR-302e,ZNF790-AS1
hsa-miR-372-3p,ZNF790-AS1
hsa-miR-373-3p,ZNF790-AS1
hsa-miR-519d-3p,ZNF790-AS1
hsa-miR-520a-3p,ZNF790-AS1
hsa-miR-520c-3p,ZNF790-AS1
hsa-miR-520d-3p,ZNF790-AS1
hsa-miR-93-5p,ZNF790-AS1
hsa-miR-103a-3p,ZNF793-AS1
hsa-miR-107,ZNF793-AS1
hsa-miR-124-3p,ZNF793-AS1
hsa-miR-138-5p,IGFL2-AS1
hsa-miR-181a-5p,IGFL2-AS1
hsa-miR-181b-5p,IGFL2-AS1
hsa-miR-181c-5p,IGFL2-AS1
hsa-miR-181d-5p,IGFL2-AS1
hsa-miR-223-3p,IGFL2-AS1
hsa-miR-4262,IGFL2-AS1
hsa-miR-433-3p,IGFL2-AS1
hsa-miR-136-5p,NAPA-AS1
hsa-miR-21-5p,CARD8-AS1
hsa-miR-590-5p,CARD8-AS1
hsa-miR-149-5p,PTOV1-AS1
hsa-miR-370-3p,PTOV1-AS1
hsa-miR-148a-3p,A1BG-AS1
hsa-miR-148b-3p,A1BG-AS1
hsa-miR-152-3p,A1BG-AS1
hsa-miR-216a-5p,A1BG-AS1
hsa-miR-24-3p,A1BG-AS1
hsa-miR-491-5p,A1BG-AS1
hsa-miR-141-3p,MZF1-AS1
hsa-miR-15a-5p,MZF1-AS1
hsa-miR-15b-5p,MZF1-AS1
hsa-miR-16-5p,MZF1-AS1
hsa-miR-195-5p,MZF1-AS1
hsa-miR-200a-3p,MZF1-AS1
hsa-miR-410-3p,MZF1-AS1
hsa-miR-424-5p,MZF1-AS1
hsa-miR-486-5p,MZF1-AS1
hsa-miR-497-5p,MZF1-AS1
hsa-miR-503-5p,MZF1-AS1
hsa-miR-7-5p,MZF1-AS1
hsa-miR-124-3p,SOS1-IT1
hsa-miR-9-5p,MAP4K3-DT
hsa-miR-122-5p,PCBP1-AS1
hsa-miR-124-3p,PCBP1-AS1
hsa-miR-34a-5p,PCBP1-AS1
hsa-miR-34c-5p,PCBP1-AS1
hsa-miR-449a,PCBP1-AS1
hsa-miR-491-5p,PCBP1-AS1
hsa-miR-539-5p,PCBP1-AS1
hsa-miR-9-5p,PCBP1-AS1
hsa-miR-106a-5p,ATP6V1B1-AS1
hsa-miR-106b-5p,ATP6V1B1-AS1
hsa-miR-130a-3p,ATP6V1B1-AS1
hsa-miR-130b-3p,ATP6V1B1-AS1
hsa-miR-17-5p,ATP6V1B1-AS1
hsa-miR-20a-5p,ATP6V1B1-AS1
hsa-miR-20b-5p,ATP6V1B1-AS1
hsa-miR-301a-3p,ATP6V1B1-AS1
hsa-miR-4295,ATP6V1B1-AS1
hsa-miR-454-3p,ATP6V1B1-AS1
hsa-miR-519d-3p,ATP6V1B1-AS1
hsa-miR-93-5p,ATP6V1B1-AS1
hsa-miR-491-5p,LBX2-AS1
hsa-miR-140-5p,LRRTM4-AS1
hsa-miR-181a-5p,LRRTM4-AS1
hsa-miR-181b-5p,LRRTM4-AS1
hsa-miR-181c-5p,LRRTM4-AS1
hsa-miR-181d-5p,LRRTM4-AS1
hsa-miR-4262,LRRTM4-AS1
hsa-miR-543,LRRTM4-AS1
hsa-miR-103a-3p,CYTOR
hsa-miR-107,CYTOR
hsa-miR-155-5p,CYTOR
hsa-miR-193a-3p,CYTOR
hsa-miR-193b-3p,CYTOR
hsa-miR-376c-3p,CYTOR
hsa-miR-19a-3p,LINC00342
hsa-miR-19b-3p,LINC00342
hsa-miR-384,LINC00342
hsa-miR-136-5p,MIR4435-2HG
hsa-miR-193a-3p,MIR4435-2HG
hsa-miR-193b-3p,MIR4435-2HG
hsa-miR-330-5p,MIR4435-2HG
hsa-miR-145-5p,PAX8-AS1
hsa-miR-186-5p,NIFK-AS1
hsa-miR-193a-3p,NIFK-AS1
hsa-miR-193b-3p,NIFK-AS1
hsa-miR-544a,NIFK-AS1
hsa-miR-15a-5p,TEX41
hsa-miR-15b-5p,TEX41
hsa-miR-16-5p,TEX41
hsa-miR-195-5p,TEX41
hsa-miR-424-5p,TEX41
hsa-miR-497-5p,TEX41
hsa-miR-590-3p,TEX41
hsa-miR-143-3p,LINC01806
hsa-miR-181a-5p,LINC01806
hsa-miR-181b-5p,LINC01806
hsa-miR-181c-5p,LINC01806
hsa-miR-181d-5p,LINC01806
hsa-miR-194-5p,LINC01806
hsa-miR-425-5p,LINC01806
hsa-miR-4262,LINC01806
hsa-miR-15a-5p,CERS6-AS1
hsa-miR-15b-5p,CERS6-AS1
hsa-miR-16-5p,CERS6-AS1
hsa-miR-195-5p,CERS6-AS1
hsa-miR-424-5p,CERS6-AS1
hsa-miR-497-5p,CERS6-AS1
hsa-miR-106a-5p,HAGLR
hsa-miR-106b-5p,HAGLR
hsa-miR-125a-3p,HAGLR
hsa-miR-130a-3p,HAGLR
hsa-miR-130b-3p,HAGLR
hsa-miR-17-5p,HAGLR
hsa-miR-182-5p,HAGLR
hsa-miR-19a-3p,HAGLR
hsa-miR-19b-3p,HAGLR
hsa-miR-20a-5p,HAGLR
hsa-miR-20b-5p,HAGLR
hsa-miR-301a-3p,HAGLR
hsa-miR-326,HAGLR
hsa-miR-330-5p,HAGLR
hsa-miR-421,HAGLR
hsa-miR-4295,HAGLR
hsa-miR-454-3p,HAGLR
hsa-miR-519d-3p,HAGLR
hsa-miR-93-5p,HAGLR
hsa-miR-139-5p,CHROMR
hsa-miR-143-3p,CHROMR
hsa-miR-144-3p,CHROMR
hsa-miR-421,CHROMR
hsa-miR-505-3p,CHROMR
hsa-miR-551a,CHROMR
hsa-miR-103a-3p,TTN-AS1
hsa-miR-107,TTN-AS1
hsa-miR-139-5p,TTN-AS1
hsa-miR-153-3p,TTN-AS1
hsa-miR-155-5p,TTN-AS1
hsa-miR-15a-5p,TTN-AS1
hsa-miR-15b-5p,TTN-AS1
hsa-miR-16-5p,TTN-AS1
hsa-miR-195-5p,TTN-AS1
hsa-miR-27a-3p,TTN-AS1
hsa-miR-27b-3p,TTN-AS1
hsa-miR-370-3p,TTN-AS1
hsa-miR-376a-3p,TTN-AS1
hsa-miR-376b-3p,TTN-AS1
hsa-miR-424-5p,TTN-AS1
hsa-miR-497-5p,TTN-AS1
hsa-miR-455-5p,KLF7-IT1
hsa-miR-130a-3p,KANSL1L-AS1
hsa-miR-130b-3p,KANSL1L-AS1
hsa-miR-19a-3p,KANSL1L-AS1
hsa-miR-19b-3p,KANSL1L-AS1
hsa-miR-301a-3p,KANSL1L-AS1
hsa-miR-382-5p,KANSL1L-AS1
hsa-miR-4295,KANSL1L-AS1
hsa-miR-454-3p,KANSL1L-AS1
hsa-miR-199a-5p,CATIP-AS1
hsa-miR-199b-5p,CATIP-AS1
hsa-miR-490-3p,CATIP-AS1
hsa-miR-491-5p,CATIP-AS1
hsa-miR-142-3p,MFF-DT
hsa-miR-204-5p,CAPN10-DT
hsa-miR-211-5p,CAPN10-DT
hsa-miR-328-3p,LINC01238
hsa-miR-9-5p,LINC01238
hsa-miR-138-5p,ZNF337-AS1
hsa-miR-185-5p,ZNF337-AS1
hsa-miR-22-3p,ZNF337-AS1
hsa-miR-299-3p,ZNF337-AS1
hsa-miR-4306,ZNF337-AS1
hsa-miR-10a-5p,MIR663AHG
hsa-miR-10b-5p,MIR663AHG
hsa-miR-339-5p,MIR663AHG
hsa-miR-136-5p,SNHG17
hsa-miR-214-3p,SNHG17
hsa-miR-3619-5p,SNHG17
hsa-miR-370-3p,SNHG17
hsa-miR-539-5p,SNHG17
hsa-miR-761,SNHG17
hsa-miR-154-5p,SNHG11
hsa-miR-150-5p,ZFAS1
hsa-miR-590-3p,ZFAS1
hsa-miR-134-5p,PELATON
hsa-miR-182-5p,PELATON
hsa-miR-135a-5p,APCDD1L-DT
hsa-miR-135b-5p,APCDD1L-DT
hsa-miR-24-3p,GNAS-AS1
hsa-miR-34a-5p,GNAS-AS1
hsa-miR-34c-5p,GNAS-AS1
hsa-miR-362-3p,GNAS-AS1
hsa-miR-449a,GNAS-AS1
hsa-miR-615-3p,GNAS-AS1
hsa-miR-128-3p,MIR646HG
hsa-miR-28-5p,MIR646HG
hsa-miR-708-5p,MIR646HG
hsa-miR-154-5p,LINC02246
hsa-miR-374a-5p,LINC01689
hsa-miR-374b-5p,LINC01689
hsa-miR-15a-5p,LINC00649
hsa-miR-15b-5p,LINC00649
hsa-miR-16-5p,LINC00649
hsa-miR-195-5p,LINC00649
hsa-miR-424-5p,LINC00649
hsa-miR-497-5p,LINC00649
hsa-miR-143-3p,CBR3-AS1
hsa-miR-320b,CBR3-AS1
hsa-miR-320c,CBR3-AS1
hsa-miR-320d,CBR3-AS1
hsa-miR-4429,CBR3-AS1
hsa-miR-185-5p,LINC01679
hsa-miR-4306,LINC01679
hsa-miR-141-3p,LINC00319
hsa-miR-200a-3p,LINC00319
hsa-miR-199a-5p,LINC00313
hsa-miR-199b-5p,LINC00313
hsa-miR-19a-3p,LINC00313
hsa-miR-19b-3p,LINC00313
hsa-miR-218-5p,LINC00313
hsa-miR-24-3p,LINC00313
hsa-miR-320b,LINC00313
hsa-miR-320c,LINC00313
hsa-miR-320d,LINC00313
hsa-miR-342-3p,LINC00313
hsa-miR-4429,LINC00313
hsa-miR-485-5p,LINC00313
hsa-miR-103a-3p,TRPM2-AS
hsa-miR-107,TRPM2-AS
hsa-miR-138-5p,TRPM2-AS
hsa-miR-15a-5p,TRPM2-AS
hsa-miR-15b-5p,TRPM2-AS
hsa-miR-16-5p,TRPM2-AS
hsa-miR-195-5p,TRPM2-AS
hsa-miR-424-5p,TRPM2-AS
hsa-miR-497-5p,TRPM2-AS
hsa-miR-125a-3p,LINC00163
hsa-miR-362-3p,LINC00163
hsa-miR-138-5p,MCM3AP-AS1
hsa-miR-143-3p,MCM3AP-AS1
hsa-miR-149-5p,MCM3AP-AS1
hsa-miR-15a-5p,MCM3AP-AS1
hsa-miR-15b-5p,MCM3AP-AS1
hsa-miR-16-5p,MCM3AP-AS1
hsa-miR-194-5p,MCM3AP-AS1
hsa-miR-195-5p,MCM3AP-AS1
hsa-miR-19a-3p,MCM3AP-AS1
hsa-miR-19b-3p,MCM3AP-AS1
hsa-miR-204-5p,MCM3AP-AS1
hsa-miR-205-5p,MCM3AP-AS1
hsa-miR-211-5p,MCM3AP-AS1
hsa-miR-224-5p,MCM3AP-AS1
hsa-miR-23a-3p,MCM3AP-AS1
hsa-miR-23b-3p,MCM3AP-AS1
hsa-miR-24-3p,MCM3AP-AS1
hsa-miR-28-5p,MCM3AP-AS1
hsa-miR-340-5p,MCM3AP-AS1
hsa-miR-383-5p,MCM3AP-AS1
hsa-miR-424-5p,MCM3AP-AS1
hsa-miR-425-5p,MCM3AP-AS1
hsa-miR-455-5p,MCM3AP-AS1
hsa-miR-497-5p,MCM3AP-AS1
hsa-miR-708-5p,MCM3AP-AS1
hsa-miR-876-5p,MCM3AP-AS1
hsa-miR-1297,DUXAP8
hsa-miR-26a-5p,DUXAP8
hsa-miR-26b-5p,DUXAP8
hsa-miR-384,DUXAP8
hsa-miR-155-5p,LINC02891
hsa-miR-431-5p,LINC02891
hsa-miR-22-3p,THAP7-AS1
hsa-miR-150-5p,MIAT
hsa-miR-29a-3p,MIAT
hsa-miR-29b-3p,MIAT
hsa-miR-29c-3p,MIAT
hsa-miR-421,MIATNB
hsa-miR-103a-3p,TTC28-AS1
hsa-miR-107,TTC28-AS1
hsa-miR-22-3p,TTC28-AS1
hsa-miR-320b,TTC28-AS1
hsa-miR-425-5p,TTC28-AS1
hsa-miR-874-3p,TTC28-AS1
hsa-miR-299-3p,OGFRP1
hsa-miR-155-5p,NUP50-DT
hsa-miR-33a-5p,NUP50-DT
hsa-miR-33b-5p,NUP50-DT
hsa-miR-365a-3p,NUP50-DT
hsa-miR-410-3p,NUP50-DT
hsa-miR-202-3p,LINC00899
hsa-miR-210-3p,LINC00899
hsa-miR-374a-5p,LINC00899
hsa-miR-374b-5p,LINC00899
hsa-miR-410-3p,LINC00899
hsa-miR-539-5p,SRGAP3-AS2
hsa-miR-1297,THUMPD3-AS1
hsa-miR-181a-5p,THUMPD3-AS1
hsa-miR-181b-5p,THUMPD3-AS1
hsa-miR-181c-5p,THUMPD3-AS1
hsa-miR-181d-5p,THUMPD3-AS1
hsa-miR-185-5p,THUMPD3-AS1
hsa-miR-186-5p,THUMPD3-AS1
hsa-miR-218-5p,THUMPD3-AS1
hsa-miR-23a-3p,THUMPD3-AS1
hsa-miR-23b-3p,THUMPD3-AS1
hsa-miR-26a-5p,THUMPD3-AS1
hsa-miR-26b-5p,THUMPD3-AS1
hsa-miR-29a-3p,THUMPD3-AS1
hsa-miR-29b-3p,THUMPD3-AS1
hsa-miR-29c-3p,THUMPD3-AS1
hsa-miR-425-5p,THUMPD3-AS1
hsa-miR-4262,THUMPD3-AS1
hsa-miR-4306,THUMPD3-AS1
hsa-miR-543,THUMPD3-AS1
hsa-miR-145-5p,LINC00852
hsa-miR-365a-3p,LINC00852
hsa-miR-543,LINC00852
hsa-miR-7-5p,LINC00852
hsa-miR-103a-3p,FGD5-AS1
hsa-miR-106a-5p,FGD5-AS1
hsa-miR-106b-5p,FGD5-AS1
hsa-miR-107,FGD5-AS1
hsa-miR-124-3p,FGD5-AS1
hsa-miR-125a-3p,FGD5-AS1
hsa-miR-129-5p,FGD5-AS1
hsa-miR-130a-3p,FGD5-AS1
hsa-miR-130b-3p,FGD5-AS1
hsa-miR-133a-3p,FGD5-AS1
hsa-miR-133b,FGD5-AS1
hsa-miR-142-3p,FGD5-AS1
hsa-miR-153-3p,FGD5-AS1
hsa-miR-154-5p,FGD5-AS1
hsa-miR-15a-5p,FGD5-AS1
hsa-miR-15b-5p,FGD5-AS1
hsa-miR-16-5p,FGD5-AS1
hsa-miR-17-5p,FGD5-AS1
hsa-miR-195-5p,FGD5-AS1
hsa-miR-196a-5p,FGD5-AS1
hsa-miR-196b-5p,FGD5-AS1
hsa-miR-19a-3p,FGD5-AS1
hsa-miR-19b-3p,FGD5-AS1
hsa-miR-202-3p,FGD5-AS1
hsa-miR-20a-5p,FGD5-AS1
hsa-miR-20b-5p,FGD5-AS1
hsa-miR-214-3p,FGD5-AS1
hsa-miR-223-3p,FGD5-AS1
hsa-miR-22-3p,FGD5-AS1
hsa-miR-301a-3p,FGD5-AS1
hsa-miR-302a-3p,FGD5-AS1
hsa-miR-302b-3p,FGD5-AS1
hsa-miR-302c-3p,FGD5-AS1
hsa-miR-302d-3p,FGD5-AS1
hsa-miR-302e,FGD5-AS1
hsa-miR-320b,FGD5-AS1
hsa-miR-320c,FGD5-AS1
hsa-miR-320d,FGD5-AS1
hsa-miR-33a-5p,FGD5-AS1
hsa-miR-33b-5p,FGD5-AS1
hsa-miR-3619-5p,FGD5-AS1
hsa-miR-372-3p,FGD5-AS1
hsa-miR-373-3p,FGD5-AS1
hsa-miR-382-5p,FGD5-AS1
hsa-miR-383-5p,FGD5-AS1
hsa-miR-424-5p,FGD5-AS1
hsa-miR-4295,FGD5-AS1
hsa-miR-4429,FGD5-AS1
hsa-miR-454-3p,FGD5-AS1
hsa-miR-497-5p,FGD5-AS1
hsa-miR-499a-5p,FGD5-AS1
hsa-miR-505-3p,FGD5-AS1
hsa-miR-519d-3p,FGD5-AS1
hsa-miR-520a-3p,FGD5-AS1
hsa-miR-520c-3p,FGD5-AS1
hsa-miR-520d-3p,FGD5-AS1
hsa-miR-539-5p,FGD5-AS1
hsa-miR-544a,FGD5-AS1
hsa-miR-761,FGD5-AS1
hsa-miR-93-5p,FGD5-AS1
hsa-miR-193a-3p,LIMD1-AS1
hsa-miR-193b-3p,LIMD1-AS1
hsa-miR-421,PTPRG-AS1
hsa-miR-181a-5p,PSMD6-AS1
hsa-miR-181b-5p,PSMD6-AS1
hsa-miR-181c-5p,PSMD6-AS1
hsa-miR-181d-5p,PSMD6-AS1
hsa-miR-346,PSMD6-AS1
hsa-miR-4262,PSMD6-AS1
hsa-miR-106a-5p,MAGI1-IT1
hsa-miR-106b-5p,MAGI1-IT1
hsa-miR-17-5p,MAGI1-IT1
hsa-miR-20a-5p,MAGI1-IT1
hsa-miR-20b-5p,MAGI1-IT1
hsa-miR-302a-3p,MAGI1-IT1
hsa-miR-302b-3p,MAGI1-IT1
hsa-miR-302c-3p,MAGI1-IT1
hsa-miR-302d-3p,MAGI1-IT1
hsa-miR-302e,MAGI1-IT1
hsa-miR-372-3p,MAGI1-IT1
hsa-miR-373-3p,MAGI1-IT1
hsa-miR-519d-3p,MAGI1-IT1
hsa-miR-520a-3p,MAGI1-IT1
hsa-miR-520c-3p,MAGI1-IT1
hsa-miR-520d-3p,MAGI1-IT1
hsa-miR-93-5p,MAGI1-IT1
hsa-miR-9-5p,MAGI1-IT1
hsa-miR-103a-3p,LINC00960
hsa-miR-107,LINC00960
hsa-miR-183-5p,LINC00960
hsa-miR-365a-3p,LINC00960
hsa-miR-378c,LINC00879
hsa-miR-155-5p,LINC02085
hsa-miR-214-3p,LINC00882
hsa-miR-29a-3p,LINC00882
hsa-miR-29c-3p,LINC00882
hsa-miR-3619-5p,LINC00882
hsa-miR-761,LINC00882
hsa-miR-103a-3p,DUBR
hsa-miR-107,DUBR
hsa-miR-142-3p,DUBR
hsa-miR-876-5p,DUBR
hsa-miR-485-5p,H1-10-AS1
hsa-miR-145-5p,MUC20-OT1
hsa-miR-153-3p,TM4SF19-AS1
hsa-miR-19a-3p,TM4SF19-AS1
hsa-miR-19b-3p,TM4SF19-AS1
hsa-miR-485-5p,TM4SF19-AS1
hsa-miR-485-5p,MELTF-AS1
hsa-miR-491-5p,MELTF-AS1
hsa-miR-103a-3p,DLG1-AS1
hsa-miR-107,DLG1-AS1
hsa-miR-15a-5p,DLG1-AS1
hsa-miR-15b-5p,DLG1-AS1
hsa-miR-16-5p,DLG1-AS1
hsa-miR-195-5p,DLG1-AS1
hsa-miR-424-5p,DLG1-AS1
hsa-miR-497-5p,DLG1-AS1
hsa-miR-103a-3p,CTBP1-DT
hsa-miR-107,CTBP1-DT
hsa-miR-141-3p,CTBP1-DT
hsa-miR-155-5p,CTBP1-DT
hsa-miR-15a-5p,CTBP1-DT
hsa-miR-15b-5p,CTBP1-DT
hsa-miR-16-5p,CTBP1-DT
hsa-miR-195-5p,CTBP1-DT
hsa-miR-197-3p,CTBP1-DT
hsa-miR-200a-3p,CTBP1-DT
hsa-miR-24-3p,CTBP1-DT
hsa-miR-300,CTBP1-DT
hsa-miR-30a-5p,CTBP1-DT
hsa-miR-30b-5p,CTBP1-DT
hsa-miR-30c-5p,CTBP1-DT
hsa-miR-30d-5p,CTBP1-DT
hsa-miR-30e-5p,CTBP1-DT
hsa-miR-381-3p,CTBP1-DT
hsa-miR-424-5p,CTBP1-DT
hsa-miR-433-3p,CTBP1-DT
hsa-miR-455-5p,CTBP1-DT
hsa-miR-497-5p,CTBP1-DT
hsa-miR-125a-5p,NOP14-AS1
hsa-miR-125b-5p,NOP14-AS1
hsa-miR-19a-3p,LINC01096
hsa-miR-19b-3p,LINC01096
hsa-miR-24-3p,TAPT1-AS1
hsa-miR-138-5p,LINC02616
hsa-miR-23a-3p,LINC02616
hsa-miR-23b-3p,LINC02616
hsa-miR-539-5p,LINC02616
hsa-miR-138-5p,KLF3-AS1
hsa-miR-148a-3p,UBA6-DT
hsa-miR-148b-3p,UBA6-DT
hsa-miR-149-5p,UBA6-DT
hsa-miR-152-3p,UBA6-DT
hsa-miR-15a-5p,UBA6-DT
hsa-miR-15b-5p,UBA6-DT
hsa-miR-16-5p,UBA6-DT
hsa-miR-195-5p,UBA6-DT
hsa-miR-346,UBA6-DT
hsa-miR-424-5p,UBA6-DT
hsa-miR-497-5p,UBA6-DT
hsa-miR-205-5p,THAP9-AS1
hsa-miR-505-3p,THAP9-AS1
hsa-miR-874-3p,THAP9-AS1
hsa-miR-544a,LEF1-AS1
hsa-miR-30a-5p,AP1AR-DT
hsa-miR-30b-5p,AP1AR-DT
hsa-miR-30c-5p,AP1AR-DT
hsa-miR-30d-5p,AP1AR-DT
hsa-miR-30e-5p,AP1AR-DT
hsa-miR-590-3p,AP1AR-DT
hsa-miR-224-5p,MIR302CHG
hsa-miR-374a-5p,MIR302CHG
hsa-miR-374b-5p,MIR302CHG
hsa-miR-496,MIR302CHG
hsa-miR-365a-3p,LINC02466
hsa-miR-378a-3p,LINC02466
hsa-miR-378b,LINC02466
hsa-miR-378c,LINC02466
hsa-miR-378e,LINC02466
hsa-miR-378h,LINC02466
hsa-miR-378i,LINC02466
hsa-miR-422a,LINC02466
hsa-miR-455-5p,LINC02466
hsa-miR-9-5p,LINC02466
hsa-miR-590-3p,PCDH10-DT
hsa-miR-599,LINC02432
hsa-miR-139-5p,USP38-DT
hsa-miR-31-5p,USP38-DT
hsa-miR-106a-5p,TENM3-AS1
hsa-miR-106b-5p,TENM3-AS1
hsa-miR-15a-5p,TENM3-AS1
hsa-miR-15b-5p,TENM3-AS1
hsa-miR-16-5p,TENM3-AS1
hsa-miR-17-5p,TENM3-AS1
hsa-miR-185-5p,TENM3-AS1
hsa-miR-195-5p,TENM3-AS1
hsa-miR-199a-5p,TENM3-AS1
hsa-miR-199b-5p,TENM3-AS1
hsa-miR-205-5p,TENM3-AS1
hsa-miR-20a-5p,TENM3-AS1
hsa-miR-20b-5p,TENM3-AS1
hsa-miR-302a-3p,TENM3-AS1
hsa-miR-302b-3p,TENM3-AS1
hsa-miR-302c-3p,TENM3-AS1
hsa-miR-302d-3p,TENM3-AS1
hsa-miR-302e,TENM3-AS1
hsa-miR-372-3p,TENM3-AS1
hsa-miR-373-3p,TENM3-AS1
hsa-miR-374a-5p,TENM3-AS1
hsa-miR-374b-5p,TENM3-AS1
hsa-miR-424-5p,TENM3-AS1
hsa-miR-4306,TENM3-AS1
hsa-miR-485-5p,TENM3-AS1
hsa-miR-497-5p,TENM3-AS1
hsa-miR-519d-3p,TENM3-AS1
hsa-miR-520a-3p,TENM3-AS1
hsa-miR-520c-3p,TENM3-AS1
hsa-miR-520d-3p,TENM3-AS1
hsa-miR-93-5p,TENM3-AS1
hsa-miR-455-5p,FRG1-DT
hsa-miR-106a-5p,LINC01194
hsa-miR-106b-5p,LINC01194
hsa-miR-17-5p,LINC01194
hsa-miR-20a-5p,LINC01194
hsa-miR-20b-5p,LINC01194
hsa-miR-302a-3p,LINC01194
hsa-miR-302b-3p,LINC01194
hsa-miR-302c-3p,LINC01194
hsa-miR-302d-3p,LINC01194
hsa-miR-302e,LINC01194
hsa-miR-372-3p,LINC01194
hsa-miR-373-3p,LINC01194
hsa-miR-519d-3p,LINC01194
hsa-miR-520a-3p,LINC01194
hsa-miR-520c-3p,LINC01194
hsa-miR-520d-3p,LINC01194
hsa-miR-93-5p,LINC01194
hsa-miR-135a-5p,PURPL
hsa-miR-135b-5p,PURPL
hsa-miR-19a-3p,PURPL
hsa-miR-19b-3p,PURPL
hsa-miR-25-3p,PURPL
hsa-miR-32-5p,PURPL
hsa-miR-338-3p,PURPL
hsa-miR-363-3p,PURPL
hsa-miR-367-3p,PURPL
hsa-miR-495-3p,PURPL
hsa-miR-92a-3p,PURPL
hsa-miR-92b-3p,PURPL
hsa-miR-197-3p,LIFR-AS1
hsa-miR-29a-3p,LIFR-AS1
hsa-miR-29b-3p,LIFR-AS1
hsa-miR-29c-3p,LIFR-AS1
hsa-miR-542-3p,LIFR-AS1
hsa-miR-485-5p,NNT-AS1
hsa-miR-202-3p,MRPS30-DT
hsa-miR-224-5p,LINC02198
hsa-miR-542-3p,LINC02198
hsa-miR-134-5p,ZBED3-AS1
hsa-miR-382-5p,ZBED3-AS1
hsa-miR-106a-5p,CKMT2-AS1
hsa-miR-106b-5p,CKMT2-AS1
hsa-miR-130a-3p,CKMT2-AS1
hsa-miR-130b-3p,CKMT2-AS1
hsa-miR-17-5p,CKMT2-AS1
hsa-miR-204-5p,CKMT2-AS1
hsa-miR-20a-5p,CKMT2-AS1
hsa-miR-20b-5p,CKMT2-AS1
hsa-miR-211-5p,CKMT2-AS1
hsa-miR-301a-3p,CKMT2-AS1
hsa-miR-338-3p,CKMT2-AS1
hsa-miR-342-3p,CKMT2-AS1
hsa-miR-34a-5p,CKMT2-AS1
hsa-miR-34c-5p,CKMT2-AS1
hsa-miR-371a-5p,CKMT2-AS1
hsa-miR-377-3p,CKMT2-AS1
hsa-miR-4295,CKMT2-AS1
hsa-miR-449a,CKMT2-AS1
hsa-miR-454-3p,CKMT2-AS1
hsa-miR-519d-3p,CKMT2-AS1
hsa-miR-542-3p,CKMT2-AS1
hsa-miR-93-5p,CKMT2-AS1
hsa-miR-130a-3p,TMEM161B-DT
hsa-miR-130b-3p,TMEM161B-DT
hsa-miR-135a-5p,TMEM161B-DT
hsa-miR-135b-5p,TMEM161B-DT
hsa-miR-141-3p,TMEM161B-DT
hsa-miR-200a-3p,TMEM161B-DT
hsa-miR-301a-3p,TMEM161B-DT
hsa-miR-335-5p,TMEM161B-DT
hsa-miR-4295,TMEM161B-DT
hsa-miR-454-3p,TMEM161B-DT
hsa-miR-411-5p,LINC00461
hsa-miR-136-5p,NR2F1-AS1
hsa-miR-190a-5p,NR2F1-AS1
hsa-miR-25-3p,NR2F1-AS1
hsa-miR-32-5p,NR2F1-AS1
hsa-miR-34a-5p,NR2F1-AS1
hsa-miR-363-3p,NR2F1-AS1
hsa-miR-367-3p,NR2F1-AS1
hsa-miR-449a,NR2F1-AS1
hsa-miR-92a-3p,NR2F1-AS1
hsa-miR-92b-3p,NR2F1-AS1
hsa-miR-146a-5p,TICAM2-AS1
hsa-miR-146b-5p,TICAM2-AS1
hsa-miR-15a-5p,LINC01184
hsa-miR-15b-5p,LINC01184
hsa-miR-16-5p,LINC01184
hsa-miR-193a-3p,LINC01184
hsa-miR-193b-3p,LINC01184
hsa-miR-195-5p,LINC01184
hsa-miR-202-3p,LINC01184
hsa-miR-21-5p,LINC01184
hsa-miR-216b-5p,LINC01184
hsa-miR-24-3p,LINC01184
hsa-miR-370-3p,LINC01184
hsa-miR-374a-5p,LINC01184
hsa-miR-374b-5p,LINC01184
hsa-miR-424-5p,LINC01184
hsa-miR-425-5p,LINC01184
hsa-miR-497-5p,LINC01184
hsa-miR-590-3p,LINC01184
hsa-miR-590-5p,LINC01184
hsa-miR-25-3p,MIR3936HG
hsa-miR-32-5p,MIR3936HG
hsa-miR-363-3p,MIR3936HG
hsa-miR-367-3p,MIR3936HG
hsa-miR-92a-3p,MIR3936HG
hsa-miR-92b-3p,MIR3936HG
hsa-miR-411-5p,MALINC1
hsa-miR-496,MALINC1
hsa-miR-106a-5p,LINC02202
hsa-miR-106b-5p,LINC02202
hsa-miR-17-5p,LINC02202
hsa-miR-20a-5p,LINC02202
hsa-miR-20b-5p,LINC02202
hsa-miR-519d-3p,LINC02202
hsa-miR-93-5p,LINC02202
hsa-miR-346,PRR7-AS1
hsa-miR-370-3p,PRR7-AS1
hsa-miR-371a-5p,PRR7-AS1
hsa-miR-873-5p,ZBED9-AS1
hsa-miR-3619-5p,HLA-F-AS1
hsa-miR-15a-5p,HCG17
hsa-miR-15b-5p,HCG17
hsa-miR-16-5p,HCG17
hsa-miR-195-5p,HCG17
hsa-miR-214-3p,HCG17
hsa-miR-3619-5p,HCG17
hsa-miR-424-5p,HCG17
hsa-miR-485-5p,HCG17
hsa-miR-497-5p,HCG17
hsa-miR-761,HCG17
hsa-miR-103a-3p,HCG18
hsa-miR-106a-5p,HCG18
hsa-miR-106b-5p,HCG18
hsa-miR-107,HCG18
hsa-miR-129-5p,HCG18
hsa-miR-133a-3p,HCG18
hsa-miR-133b,HCG18
hsa-miR-146a-5p,HCG18
hsa-miR-146b-5p,HCG18
hsa-miR-148a-3p,HCG18
hsa-miR-148b-3p,HCG18
hsa-miR-152-3p,HCG18
hsa-miR-155-5p,HCG18
hsa-miR-15a-5p,HCG18
hsa-miR-15b-5p,HCG18
hsa-miR-16-5p,HCG18
hsa-miR-17-5p,HCG18
hsa-miR-185-5p,HCG18
hsa-miR-193a-3p,HCG18
hsa-miR-193b-3p,HCG18
hsa-miR-195-5p,HCG18
hsa-miR-196a-5p,HCG18
hsa-miR-196b-5p,HCG18
hsa-miR-20a-5p,HCG18
hsa-miR-20b-5p,HCG18
hsa-miR-214-3p,HCG18
hsa-miR-302a-3p,HCG18
hsa-miR-302b-3p,HCG18
hsa-miR-302c-3p,HCG18
hsa-miR-302d-3p,HCG18
hsa-miR-302e,HCG18
hsa-miR-30a-5p,HCG18
hsa-miR-30b-5p,HCG18
hsa-miR-30c-5p,HCG18
hsa-miR-30d-5p,HCG18
hsa-miR-30e-5p,HCG18
hsa-miR-320b,HCG18
hsa-miR-320c,HCG18
hsa-miR-320d,HCG18
hsa-miR-34a-5p,HCG18
hsa-miR-34c-5p,HCG18
hsa-miR-361-5p,HCG18
hsa-miR-3619-5p,HCG18
hsa-miR-370-3p,HCG18
hsa-miR-372-3p,HCG18
hsa-miR-373-3p,HCG18
hsa-miR-378a-3p,HCG18
hsa-miR-378b,HCG18
hsa-miR-378c,HCG18
hsa-miR-378e,HCG18
hsa-miR-378h,HCG18
hsa-miR-378i,HCG18
hsa-miR-422a,HCG18
hsa-miR-424-5p,HCG18
hsa-miR-4306,HCG18
hsa-miR-4429,HCG18
hsa-miR-448,HCG18
hsa-miR-449a,HCG18
hsa-miR-485-5p,HCG18
hsa-miR-490-3p,HCG18
hsa-miR-495-3p,HCG18
hsa-miR-496,HCG18
hsa-miR-497-5p,HCG18
hsa-miR-499a-5p,HCG18
hsa-miR-519d-3p,HCG18
hsa-miR-520a-3p,HCG18
hsa-miR-520c-3p,HCG18
hsa-miR-520d-3p,HCG18
hsa-miR-761,HCG18
hsa-miR-93-5p,HCG18
hsa-miR-9-5p,HCG18
hsa-miR-106a-5p,HCP5
hsa-miR-106b-5p,HCP5
hsa-miR-128-3p,HCP5
hsa-miR-139-5p,HCP5
hsa-miR-140-5p,HCP5
hsa-miR-144-3p,HCP5
hsa-miR-17-5p,HCP5
hsa-miR-186-5p,HCP5
hsa-miR-20a-5p,HCP5
hsa-miR-20b-5p,HCP5
hsa-miR-214-3p,HCP5
hsa-miR-216a-5p,HCP5
hsa-miR-22-3p,HCP5
hsa-miR-27a-3p,HCP5
hsa-miR-27b-3p,HCP5
hsa-miR-299-3p,HCP5
hsa-miR-29a-3p,HCP5
hsa-miR-29b-3p,HCP5
hsa-miR-29c-3p,HCP5
hsa-miR-328-3p,HCP5
hsa-miR-3619-5p,HCP5
hsa-miR-519d-3p,HCP5
hsa-miR-761,HCP5
hsa-miR-93-5p,HCP5
hsa-miR-873-5p,TDRG1
hsa-miR-128-3p,SCIRT
hsa-miR-499a-5p,SCIRT
hsa-miR-299-3p,KHDC1-AS1
hsa-miR-1297,SNHG5
hsa-miR-132-3p,SNHG5
hsa-miR-154-5p,SNHG5
hsa-miR-205-5p,SNHG5
hsa-miR-212-3p,SNHG5
hsa-miR-216a-5p,SNHG5
hsa-miR-25-3p,SNHG5
hsa-miR-26a-5p,SNHG5
hsa-miR-26b-5p,SNHG5
hsa-miR-32-5p,SNHG5
hsa-miR-363-3p,SNHG5
hsa-miR-367-3p,SNHG5
hsa-miR-377-3p,SNHG5
hsa-miR-421,SNHG5
hsa-miR-92a-3p,SNHG5
hsa-miR-92b-3p,SNHG5
hsa-miR-141-3p,TRAF3IP2-AS1
hsa-miR-153-3p,TRAF3IP2-AS1
hsa-miR-15a-5p,TRAF3IP2-AS1
hsa-miR-15b-5p,TRAF3IP2-AS1
hsa-miR-16-5p,TRAF3IP2-AS1
hsa-miR-195-5p,TRAF3IP2-AS1
hsa-miR-200a-3p,TRAF3IP2-AS1
hsa-miR-320b,TRAF3IP2-AS1
hsa-miR-320c,TRAF3IP2-AS1
hsa-miR-320d,TRAF3IP2-AS1
hsa-miR-374a-5p,TRAF3IP2-AS1
hsa-miR-374b-5p,TRAF3IP2-AS1
hsa-miR-424-5p,TRAF3IP2-AS1
hsa-miR-425-5p,TRAF3IP2-AS1
hsa-miR-4429,TRAF3IP2-AS1
hsa-miR-497-5p,TRAF3IP2-AS1
hsa-miR-874-3p,TRAF3IP2-AS1
hsa-miR-206,LINC00242
hsa-miR-214-3p,LINC00242
hsa-miR-3619-5p,LINC00242
hsa-miR-613,LINC00242
hsa-miR-761,LINC00242
hsa-miR-197-3p,ZFAND2A-DT
hsa-miR-216b-5p,ZFAND2A-DT
hsa-miR-143-3p,PSMG3-AS1
hsa-miR-210-3p,PSMG3-AS1
hsa-miR-143-3p,LINC02587
hsa-miR-103a-3p,HOTAIRM1
hsa-miR-107,HOTAIRM1
hsa-miR-129-5p,HOTAIRM1
hsa-miR-148a-3p,HOTAIRM1
hsa-miR-148b-3p,HOTAIRM1
hsa-miR-152-3p,HOTAIRM1
hsa-miR-106a-5p,HOXA-AS2
hsa-miR-106b-5p,HOXA-AS2
hsa-miR-17-5p,HOXA-AS2
hsa-miR-20a-5p,HOXA-AS2
hsa-miR-20b-5p,HOXA-AS2
hsa-miR-302a-3p,HOXA-AS2
hsa-miR-302b-3p,HOXA-AS2
hsa-miR-302c-3p,HOXA-AS2
hsa-miR-302d-3p,HOXA-AS2
hsa-miR-302e,HOXA-AS2
hsa-miR-372-3p,HOXA-AS2
hsa-miR-373-3p,HOXA-AS2
hsa-miR-519d-3p,HOXA-AS2
hsa-miR-520a-3p,HOXA-AS2
hsa-miR-520c-3p,HOXA-AS2
hsa-miR-520d-3p,HOXA-AS2
hsa-miR-93-5p,HOXA-AS2
hsa-miR-216a-5p,HOXA-AS3
hsa-miR-218-5p,HOXA-AS3
hsa-miR-29a-3p,HOXA-AS3
hsa-miR-29b-3p,HOXA-AS3
hsa-miR-29c-3p,HOXA-AS3
hsa-miR-455-5p,HOXA-AS3
hsa-miR-196a-5p,HOXA10-AS
hsa-miR-196b-5p,HOXA10-AS
hsa-miR-19a-3p,HOXA10-AS
hsa-miR-19b-3p,HOXA10-AS
hsa-miR-29a-3p,HOXA10-AS
hsa-miR-29b-3p,HOXA10-AS
hsa-miR-29c-3p,HOXA10-AS
hsa-let-7a-5p,HOXA11-AS
hsa-let-7b-5p,HOXA11-AS
hsa-let-7c-5p,HOXA11-AS
hsa-let-7d-5p,HOXA11-AS
hsa-let-7e-5p,HOXA11-AS
hsa-let-7f-5p,HOXA11-AS
hsa-let-7g-5p,HOXA11-AS
hsa-let-7i-5p,HOXA11-AS
hsa-miR-124-3p,HOXA11-AS
hsa-miR-130a-3p,HOXA11-AS
hsa-miR-130b-3p,HOXA11-AS
hsa-miR-148a-3p,HOXA11-AS
hsa-miR-148b-3p,HOXA11-AS
hsa-miR-152-3p,HOXA11-AS
hsa-miR-208a-3p,HOXA11-AS
hsa-miR-214-3p,HOXA11-AS
hsa-miR-223-3p,HOXA11-AS
hsa-miR-24-3p,HOXA11-AS
hsa-miR-301a-3p,HOXA11-AS
hsa-miR-3619-5p,HOXA11-AS
hsa-miR-4295,HOXA11-AS
hsa-miR-4458,HOXA11-AS
hsa-miR-454-3p,HOXA11-AS
hsa-miR-761,HOXA11-AS
hsa-miR-98-5p,HOXA11-AS
hsa-miR-615-3p,HOTTIP
hsa-miR-122-5p,GARS1-DT
hsa-miR-15a-5p,GARS1-DT
hsa-miR-15b-5p,GARS1-DT
hsa-miR-16-5p,GARS1-DT
hsa-miR-181a-5p,GARS1-DT
hsa-miR-181b-5p,GARS1-DT
hsa-miR-181c-5p,GARS1-DT
hsa-miR-181d-5p,GARS1-DT
hsa-miR-186-5p,GARS1-DT
hsa-miR-195-5p,GARS1-DT
hsa-miR-200b-3p,GARS1-DT
hsa-miR-200c-3p,GARS1-DT
hsa-miR-29a-3p,GARS1-DT
hsa-miR-29b-3p,GARS1-DT
hsa-miR-29c-3p,GARS1-DT
hsa-miR-31-5p,GARS1-DT
hsa-miR-320b,GARS1-DT
hsa-miR-320c,GARS1-DT
hsa-miR-320d,GARS1-DT
hsa-miR-424-5p,GARS1-DT
hsa-miR-4262,GARS1-DT
hsa-miR-429,GARS1-DT
hsa-miR-4429,GARS1-DT
hsa-miR-494-3p,GARS1-DT
hsa-miR-497-5p,GARS1-DT
hsa-miR-543,GARS1-DT
hsa-miR-365a-3p,NPSR1-AS1
hsa-miR-382-5p,LINC00265
hsa-miR-485-5p,LINC00265
hsa-miR-141-3p,SNHG15
hsa-miR-153-3p,SNHG15
hsa-miR-18a-5p,SNHG15
hsa-miR-18b-5p,SNHG15
hsa-miR-200a-3p,SNHG15
hsa-miR-24-3p,SNHG15
hsa-miR-338-3p,SNHG15
hsa-miR-346,SNHG15
hsa-miR-371a-5p,SNHG15
hsa-miR-411-5p,SNHG15
hsa-miR-451a,SNHG15
hsa-miR-873-5p,SNHG15
hsa-miR-338-3p,LINC00525
hsa-miR-421,LINC00525
hsa-miR-505-3p,LINC00525
hsa-miR-138-5p,LINC00174
hsa-miR-148a-3p,LINC00174
hsa-miR-148b-3p,LINC00174
hsa-miR-150-5p,LINC00174
hsa-miR-152-3p,LINC00174
hsa-miR-31-5p,LINC00174
hsa-miR-328-3p,LINC00174
hsa-miR-485-5p,LINC00174
hsa-miR-138-5p,MAGI2-AS3
hsa-miR-142-3p,MAGI2-AS3
hsa-miR-218-5p,MAGI2-AS3
hsa-miR-223-3p,MAGI2-AS3
hsa-miR-31-5p,MAGI2-AS3
hsa-miR-374a-5p,MAGI2-AS3
hsa-miR-374b-5p,MAGI2-AS3
hsa-miR-448,MAGI2-AS3
hsa-miR-376a-3p,KMT2E
hsa-miR-376b-3p,KMT2E
hsa-miR-136-5p,LINC01004
hsa-miR-376c-3p,LINC01004
hsa-miR-130a-3p,SLC26A4-AS1
hsa-miR-130b-3p,SLC26A4-AS1
hsa-miR-19a-3p,SLC26A4-AS1
hsa-miR-19b-3p,SLC26A4-AS1
hsa-miR-301a-3p,SLC26A4-AS1
hsa-miR-30a-5p,SLC26A4-AS1
hsa-miR-30b-5p,SLC26A4-AS1
hsa-miR-30c-5p,SLC26A4-AS1
hsa-miR-30d-5p,SLC26A4-AS1
hsa-miR-30e-5p,SLC26A4-AS1
hsa-miR-4295,SLC26A4-AS1
hsa-miR-454-3p,SLC26A4-AS1
hsa-miR-128-3p,LINC01393
hsa-miR-1297,LINC-PINT
hsa-miR-26a-5p,LINC-PINT
hsa-miR-26b-5p,LINC-PINT
hsa-miR-362-3p,LINC-PINT
hsa-miR-365a-3p,LINC-PINT
hsa-miR-543,LINC-PINT
hsa-miR-103a-3p,EPHA1-AS1
hsa-miR-107,EPHA1-AS1
hsa-miR-758-3p,LINC00996
hsa-miR-9-5p,LINC00996
hsa-miR-129-5p,LINC00689
hsa-miR-142-3p,LINC00689
hsa-miR-218-5p,LINC00689
hsa-miR-496,LINC00689
hsa-miR-876-5p,LINC00689
hsa-miR-19a-3p,MCPH1-DT
hsa-miR-19b-3p,MCPH1-DT
hsa-miR-216a-5p,MCPH1-DT
hsa-miR-185-5p,MIR124-1HG
hsa-miR-4306,MIR124-1HG
hsa-miR-24-3p,TNFRSF10A-DT
hsa-miR-320b,TNFRSF10A-DT
hsa-miR-320c,TNFRSF10A-DT
hsa-miR-320d,TNFRSF10A-DT
hsa-miR-370-3p,TNFRSF10A-DT
hsa-miR-4429,TNFRSF10A-DT
hsa-miR-455-5p,TNFRSF10A-DT
hsa-miR-873-5p,TNFRSF10A-DT
hsa-miR-136-5p,EXTL3-AS1
hsa-miR-101-3p,SNHG6
hsa-miR-1297,SNHG6
hsa-miR-26a-5p,SNHG6
hsa-miR-26b-5p,SNHG6
hsa-miR-1297,LINC01111
hsa-miR-26a-5p,LINC01111
hsa-miR-26b-5p,LINC01111
hsa-miR-125a-3p,RIPK2-DT
hsa-miR-361-5p,RIPK2-DT
hsa-miR-379-5p,RIPK2-DT
hsa-miR-302a-3p,ZNNT1
hsa-miR-302b-3p,ZNNT1
hsa-miR-302c-3p,ZNNT1
hsa-miR-302d-3p,ZNNT1
hsa-miR-302e,ZNNT1
hsa-miR-372-3p,ZNNT1
hsa-miR-373-3p,ZNNT1
hsa-miR-520a-3p,ZNNT1
hsa-miR-520c-3p,ZNNT1
hsa-miR-520d-3p,ZNNT1
hsa-miR-154-5p,UBR5-DT
hsa-miR-196a-5p,UBR5-DT
hsa-miR-196b-5p,UBR5-DT
hsa-miR-335-5p,UBR5-DT
hsa-miR-106a-5p,GASAL1
hsa-miR-106b-5p,GASAL1
hsa-miR-17-5p,GASAL1
hsa-miR-20a-5p,GASAL1
hsa-miR-20b-5p,GASAL1
hsa-miR-496,GASAL1
hsa-miR-519d-3p,GASAL1
hsa-miR-93-5p,GASAL1
hsa-miR-129-5p,OXR1
hsa-miR-142-3p,OXR1
hsa-miR-146a-5p,OXR1
hsa-miR-146b-5p,OXR1
hsa-miR-205-5p,OXR1
hsa-miR-24-3p,OXR1
hsa-miR-374a-5p,OXR1
hsa-miR-374b-5p,OXR1
hsa-miR-590-3p,OXR1
hsa-miR-874-3p,OXR1
hsa-miR-142-3p,OXR1-AS1
hsa-miR-103a-3p,RNF139-DT
hsa-miR-107,RNF139-DT
hsa-miR-15a-5p,RNF139-DT
hsa-miR-15b-5p,RNF139-DT
hsa-miR-16-5p,RNF139-DT
hsa-miR-195-5p,RNF139-DT
hsa-miR-424-5p,RNF139-DT
hsa-miR-497-5p,RNF139-DT
hsa-miR-599,CASC8
hsa-miR-106a-5p,PVT1
hsa-miR-106b-5p,PVT1
hsa-miR-128-3p,PVT1
hsa-miR-15a-5p,PVT1
hsa-miR-15b-5p,PVT1
hsa-miR-16-5p,PVT1
hsa-miR-17-5p,PVT1
hsa-miR-186-5p,PVT1
hsa-miR-190a-5p,PVT1
hsa-miR-195-5p,PVT1
hsa-miR-20a-5p,PVT1
hsa-miR-20b-5p,PVT1
hsa-miR-24-3p,PVT1
hsa-miR-365a-3p,PVT1
hsa-miR-424-5p,PVT1
hsa-miR-455-5p,PVT1
hsa-miR-497-5p,PVT1
hsa-miR-519d-3p,PVT1
hsa-miR-544a,PVT1
hsa-miR-93-5p,PVT1
hsa-miR-338-3p,LINC02055
hsa-miR-10a-5p,LINC02878
hsa-miR-10b-5p,LINC02878
hsa-miR-205-5p,LINC02878
hsa-miR-29a-3p,LINC02878
hsa-miR-29b-3p,LINC02878
hsa-miR-29c-3p,LINC02878
hsa-miR-335-5p,LINC02878
hsa-miR-551a,LINC02878
hsa-miR-128-3p,ZNF252P-AS1
hsa-miR-377-3p,ZNF252P-AS1
hsa-miR-9-5p,ZNF252P-AS1
hsa-let-7a-5p,CDKN2B-AS1
hsa-let-7b-5p,CDKN2B-AS1
hsa-let-7c-5p,CDKN2B-AS1
hsa-let-7d-5p,CDKN2B-AS1
hsa-let-7e-5p,CDKN2B-AS1
hsa-let-7f-5p,CDKN2B-AS1
hsa-let-7g-5p,CDKN2B-AS1
hsa-let-7i-5p,CDKN2B-AS1
hsa-miR-10a-5p,CDKN2B-AS1
hsa-miR-10b-5p,CDKN2B-AS1
hsa-miR-122-5p,CDKN2B-AS1
hsa-miR-125a-3p,CDKN2B-AS1
hsa-miR-181a-5p,CDKN2B-AS1
hsa-miR-181b-5p,CDKN2B-AS1
hsa-miR-181c-5p,CDKN2B-AS1
hsa-miR-181d-5p,CDKN2B-AS1
hsa-miR-339-5p,CDKN2B-AS1
hsa-miR-4262,CDKN2B-AS1
hsa-miR-4458,CDKN2B-AS1
hsa-miR-98-5p,CDKN2B-AS1
hsa-miR-101-3p,EBLN3P
hsa-miR-106a-5p,EBLN3P
hsa-miR-106b-5p,EBLN3P
hsa-miR-1271-5p,EBLN3P
hsa-miR-141-3p,EBLN3P
hsa-miR-144-3p,EBLN3P
hsa-miR-146b-5p,EBLN3P
hsa-miR-17-5p,EBLN3P
hsa-miR-182-5p,EBLN3P
hsa-miR-186-5p,EBLN3P
hsa-miR-200a-3p,EBLN3P
hsa-miR-202-3p,EBLN3P
hsa-miR-204-5p,EBLN3P
hsa-miR-20a-5p,EBLN3P
hsa-miR-20b-5p,EBLN3P
hsa-miR-211-5p,EBLN3P
hsa-miR-224-5p,EBLN3P
hsa-miR-24-3p,EBLN3P
hsa-miR-29a-3p,EBLN3P
hsa-miR-29b-3p,EBLN3P
hsa-miR-29c-3p,EBLN3P
hsa-miR-302a-3p,EBLN3P
hsa-miR-302b-3p,EBLN3P
hsa-miR-302c-3p,EBLN3P
hsa-miR-302d-3p,EBLN3P
hsa-miR-302e,EBLN3P
hsa-miR-340-5p,EBLN3P
hsa-miR-372-3p,EBLN3P
hsa-miR-373-3p,EBLN3P
hsa-miR-374a-5p,EBLN3P
hsa-miR-374b-5p,EBLN3P
hsa-miR-382-5p,EBLN3P
hsa-miR-490-3p,EBLN3P
hsa-miR-519d-3p,EBLN3P
hsa-miR-520a-3p,EBLN3P
hsa-miR-520c-3p,EBLN3P
hsa-miR-520d-3p,EBLN3P
hsa-miR-93-5p,EBLN3P
hsa-miR-96-5p,EBLN3P
hsa-miR-101-3p,FAM201A
hsa-miR-21-5p,FAM201A
hsa-miR-370-3p,FAM201A
hsa-miR-590-5p,FAM201A
hsa-miR-25-3p,DAPK1-IT1
hsa-miR-32-5p,DAPK1-IT1
hsa-miR-363-3p,DAPK1-IT1
hsa-miR-367-3p,DAPK1-IT1
hsa-miR-92a-3p,DAPK1-IT1
hsa-miR-92b-3p,DAPK1-IT1
hsa-miR-144-3p,LINC00476
hsa-miR-199a-5p,MIR600HG
hsa-miR-199b-5p,MIR600HG
hsa-let-7a-5p,LINC00963
hsa-let-7b-5p,LINC00963
hsa-let-7c-5p,LINC00963
hsa-let-7d-5p,LINC00963
hsa-let-7e-5p,LINC00963
hsa-let-7f-5p,LINC00963
hsa-let-7g-5p,LINC00963
hsa-let-7i-5p,LINC00963
hsa-miR-125a-3p,LINC00963
hsa-miR-125a-5p,LINC00963
hsa-miR-125b-5p,LINC00963
hsa-miR-143-3p,LINC00963
hsa-miR-149-5p,LINC00963
hsa-miR-24-3p,LINC00963
hsa-miR-25-3p,LINC00963
hsa-miR-32-5p,LINC00963
hsa-miR-361-5p,LINC00963
hsa-miR-363-3p,LINC00963
hsa-miR-367-3p,LINC00963
hsa-miR-370-3p,LINC00963
hsa-miR-4458,LINC00963
hsa-miR-92a-3p,LINC00963
hsa-miR-92b-3p,LINC00963
hsa-miR-98-5p,LINC00963
hsa-miR-370-3p,NALT1
hsa-miR-122-5p,SNHG7
hsa-miR-146a-5p,SNHG7
hsa-miR-146b-5p,SNHG7
hsa-miR-181a-5p,SNHG7
hsa-miR-181b-5p,SNHG7
hsa-miR-181c-5p,SNHG7
hsa-miR-181d-5p,SNHG7
hsa-miR-186-5p,SNHG7
hsa-miR-193a-3p,SNHG7
hsa-miR-193b-3p,SNHG7
hsa-miR-216b-5p,SNHG7
hsa-miR-224-5p,SNHG7
hsa-miR-342-3p,SNHG7
hsa-miR-34a-5p,SNHG7
hsa-miR-34c-5p,SNHG7
hsa-miR-362-3p,SNHG7
hsa-miR-425-5p,SNHG7
hsa-miR-4262,SNHG7
hsa-miR-449a,SNHG7
hsa-miR-485-5p,SNHG7
hsa-miR-543,SNHG7
hsa-miR-9-5p,SNHG7
hsa-miR-139-5p,LINC01278
hsa-let-7a-5p,XIST
hsa-let-7b-5p,XIST
hsa-let-7c-5p,XIST
hsa-let-7d-5p,XIST
hsa-let-7e-5p,XIST
hsa-let-7f-5p,XIST
hsa-let-7g-5p,XIST
hsa-let-7i-5p,XIST
hsa-miR-101-3p,XIST
hsa-miR-103a-3p,XIST
hsa-miR-106a-5p,XIST
hsa-miR-106b-5p,XIST
hsa-miR-107,XIST
hsa-miR-10a-5p,XIST
hsa-miR-10b-5p,XIST
hsa-miR-122-5p,XIST
hsa-miR-124-3p,XIST
hsa-miR-125a-5p,XIST
hsa-miR-125b-5p,XIST
hsa-miR-126-3p,XIST
hsa-miR-1271-5p,XIST
hsa-miR-129-5p,XIST
hsa-miR-130a-3p,XIST
hsa-miR-130b-3p,XIST
hsa-miR-132-3p,XIST
hsa-miR-135a-5p,XIST
hsa-miR-135b-5p,XIST
hsa-miR-136-5p,XIST
hsa-miR-139-5p,XIST
hsa-miR-140-5p,XIST
hsa-miR-141-3p,XIST
hsa-miR-144-3p,XIST
hsa-miR-146a-5p,XIST
hsa-miR-146b-5p,XIST
hsa-miR-148a-3p,XIST
hsa-miR-148b-3p,XIST
hsa-miR-149-5p,XIST
hsa-miR-150-5p,XIST
hsa-miR-152-3p,XIST
hsa-miR-153-3p,XIST
hsa-miR-154-5p,XIST
hsa-miR-155-5p,XIST
hsa-miR-15a-5p,XIST
hsa-miR-15b-5p,XIST
hsa-miR-16-5p,XIST
hsa-miR-17-5p,XIST
hsa-miR-181a-5p,XIST
hsa-miR-181b-5p,XIST
hsa-miR-181c-5p,XIST
hsa-miR-181d-5p,XIST
hsa-miR-182-5p,XIST
hsa-miR-185-5p,XIST
hsa-miR-186-5p,XIST
hsa-miR-18a-5p,XIST
hsa-miR-18b-5p,XIST
hsa-miR-190a-5p,XIST
hsa-miR-191-5p,XIST
hsa-miR-192-5p,XIST
hsa-miR-193a-3p,XIST
hsa-miR-193b-3p,XIST
hsa-miR-194-5p,XIST
hsa-miR-195-5p,XIST
hsa-miR-196a-5p,XIST
hsa-miR-196b-5p,XIST
hsa-miR-197-3p,XIST
hsa-miR-19a-3p,XIST
hsa-miR-19b-3p,XIST
hsa-miR-200a-3p,XIST
hsa-miR-200b-3p,XIST
hsa-miR-200c-3p,XIST
hsa-miR-202-3p,XIST
hsa-miR-204-5p,XIST
hsa-miR-20a-5p,XIST
hsa-miR-20b-5p,XIST
hsa-miR-211-5p,XIST
hsa-miR-212-3p,XIST
hsa-miR-214-3p,XIST
hsa-miR-215-5p,XIST
hsa-miR-21-5p,XIST
hsa-miR-216a-5p,XIST
hsa-miR-219a-5p,XIST
hsa-miR-23a-3p,XIST
hsa-miR-23b-3p,XIST
hsa-miR-25-3p,XIST
hsa-miR-27a-3p,XIST
hsa-miR-27b-3p,XIST
hsa-miR-28-5p,XIST
hsa-miR-29a-3p,XIST
hsa-miR-29b-3p,XIST
hsa-miR-29c-3p,XIST
hsa-miR-300,XIST
hsa-miR-301a-3p,XIST
hsa-miR-302a-3p,XIST
hsa-miR-302b-3p,XIST
hsa-miR-302c-3p,XIST
hsa-miR-302d-3p,XIST
hsa-miR-302e,XIST
hsa-miR-30a-5p,XIST
hsa-miR-30b-5p,XIST
hsa-miR-30c-5p,XIST
hsa-miR-30d-5p,XIST
hsa-miR-30e-5p,XIST
hsa-miR-31-5p,XIST
hsa-miR-320b,XIST
hsa-miR-320c,XIST
hsa-miR-320d,XIST
hsa-miR-324-5p,XIST
hsa-miR-32-5p,XIST
hsa-miR-326,XIST
hsa-miR-330-5p,XIST
hsa-miR-335-5p,XIST
hsa-miR-338-3p,XIST
hsa-miR-340-5p,XIST
hsa-miR-342-3p,XIST
hsa-miR-34a-5p,XIST
hsa-miR-34c-5p,XIST
hsa-miR-3619-5p,XIST
hsa-miR-362-3p,XIST
hsa-miR-363-3p,XIST
hsa-miR-365a-3p,XIST
hsa-miR-367-3p,XIST
hsa-miR-370-3p,XIST
hsa-miR-371a-5p,XIST
hsa-miR-372-3p,XIST
hsa-miR-373-3p,XIST
hsa-miR-374a-5p,XIST
hsa-miR-374b-5p,XIST
hsa-miR-376c-3p,XIST
hsa-miR-377-3p,XIST
hsa-miR-379-5p,XIST
hsa-miR-381-3p,XIST
hsa-miR-410-3p,XIST
hsa-miR-421,XIST
hsa-miR-424-5p,XIST
hsa-miR-425-5p,XIST
hsa-miR-4262,XIST
hsa-miR-4295,XIST
hsa-miR-429,XIST
hsa-miR-4306,XIST
hsa-miR-433-3p,XIST
hsa-miR-4429,XIST
hsa-miR-4458,XIST
hsa-miR-448,XIST
hsa-miR-449a,XIST
hsa-miR-454-3p,XIST
hsa-miR-485-5p,XIST
hsa-miR-486-5p,XIST
hsa-miR-490-3p,XIST
hsa-miR-491-5p,XIST
hsa-miR-494-3p,XIST
hsa-miR-495-3p,XIST
hsa-miR-497-5p,XIST
hsa-miR-499a-5p,XIST
hsa-miR-505-3p,XIST
hsa-miR-519d-3p,XIST
hsa-miR-520a-3p,XIST
hsa-miR-520c-3p,XIST
hsa-miR-520d-3p,XIST
hsa-miR-539-5p,XIST
hsa-miR-542-3p,XIST
hsa-miR-543,XIST
hsa-miR-544a,XIST
hsa-miR-590-3p,XIST
hsa-miR-590-5p,XIST
hsa-miR-599,XIST
hsa-miR-615-3p,XIST
hsa-miR-708-5p,XIST
hsa-miR-758-3p,XIST
hsa-miR-7-5p,XIST
hsa-miR-761,XIST
hsa-miR-873-5p,XIST
hsa-miR-876-5p,XIST
hsa-miR-92a-3p,XIST
hsa-miR-92b-3p,XIST
hsa-miR-93-5p,XIST
hsa-miR-9-5p,XIST
hsa-miR-96-5p,XIST
hsa-miR-98-5p,XIST
hsa-miR-145-5p,JPX
hsa-miR-193a-3p,JPX
hsa-miR-193b-3p,JPX
hsa-miR-197-3p,JPX
hsa-miR-28-5p,JPX
hsa-miR-33a-5p,JPX
hsa-miR-33b-5p,JPX
hsa-miR-378a-3p,JPX
hsa-miR-378b,JPX
hsa-miR-378c,JPX
hsa-miR-378e,JPX
hsa-miR-378h,JPX
hsa-miR-378i,JPX
hsa-miR-422a,JPX
hsa-miR-495-3p,JPX
hsa-miR-544a,JPX
hsa-miR-708-5p,JPX
hsa-miR-103a-3p,LINC00630
hsa-miR-107,LINC00630
hsa-miR-335-5p,LINC00630
hsa-miR-18a-5p,LINC00893
hsa-miR-18b-5p,LINC00893
hsa-miR-125a-5p,LINC00893
hsa-miR-125b-5p,LINC00893
hsa-miR-24-3p,LINC00893
hsa-miR-335-5p,LINC00893
hsa-miR-495-3p,LINC00893
hsa-miR-7-5p,LINC00893
hsa-let-7a-5p,LINC00894
hsa-let-7b-5p,LINC00894
hsa-let-7c-5p,LINC00894
hsa-let-7d-5p,LINC00894
hsa-let-7e-5p,LINC00894
hsa-let-7f-5p,LINC00894
hsa-let-7g-5p,LINC00894
hsa-let-7i-5p,LINC00894
hsa-miR-140-5p,LINC00894
hsa-miR-15a-5p,LINC00894
hsa-miR-15b-5p,LINC00894
hsa-miR-16-5p,LINC00894
hsa-miR-193a-3p,LINC00894
hsa-miR-193b-3p,LINC00894
hsa-miR-195-5p,LINC00894
hsa-miR-200b-3p,LINC00894
hsa-miR-200c-3p,LINC00894
hsa-miR-205-5p,LINC00894
hsa-miR-214-3p,LINC00894
hsa-miR-24-3p,LINC00894
hsa-miR-326,LINC00894
hsa-miR-330-5p,LINC00894
hsa-miR-338-3p,LINC00894
hsa-miR-342-3p,LINC00894
hsa-miR-3619-5p,LINC00894
hsa-miR-362-3p,LINC00894
hsa-miR-365a-3p,LINC00894
hsa-miR-383-5p,LINC00894
hsa-miR-424-5p,LINC00894
hsa-miR-425-5p,LINC00894
hsa-miR-429,LINC00894
hsa-miR-4458,LINC00894
hsa-miR-495-3p,LINC00894
hsa-miR-497-5p,LINC00894
hsa-miR-7-5p,LINC00894
hsa-miR-761,LINC00894
hsa-miR-874-3p,LINC00894
hsa-miR-9-5p,LINC00894
hsa-miR-98-5p,LINC00894
hsa-miR-214-3p,LINC02195
hsa-miR-3619-5p,LINC02195
hsa-miR-761,LINC02195
hsa-miR-346,FBXL19-AS1
hsa-miR-378a-3p,FBXL19-AS1
hsa-miR-378b,FBXL19-AS1
hsa-miR-378c,FBXL19-AS1
hsa-miR-378e,FBXL19-AS1
hsa-miR-378h,FBXL19-AS1
hsa-miR-378i,FBXL19-AS1
hsa-miR-422a,FBXL19-AS1
hsa-miR-431-5p,FBXL19-AS1
hsa-miR-876-5p,FBXL19-AS1
hsa-miR-136-5p,CRNDE
hsa-miR-384,CRNDE
hsa-miR-221-3p,DDX19A-DT
hsa-miR-222-3p,DDX19A-DT
hsa-miR-143-3p,LINC01227
hsa-miR-485-5p,LINC01227
hsa-miR-15a-5p,FENDRR
hsa-miR-15b-5p,FENDRR
hsa-miR-16-5p,FENDRR
hsa-miR-18a-5p,FENDRR
hsa-miR-18b-5p,FENDRR
hsa-miR-195-5p,FENDRR
hsa-miR-214-3p,FENDRR
hsa-miR-24-3p,FENDRR
hsa-miR-28-5p,FENDRR
hsa-miR-338-3p,FENDRR
hsa-miR-3619-5p,FENDRR
hsa-miR-421,FENDRR
hsa-miR-424-5p,FENDRR
hsa-miR-495-3p,FENDRR
hsa-miR-497-5p,FENDRR
hsa-miR-708-5p,FENDRR
hsa-miR-761,FENDRR
hsa-miR-324-5p,VPS9D1-AS1
hsa-miR-376c-3p,VPS9D1-AS1
hsa-miR-377-3p,VPS9D1-AS1
hsa-miR-206,ZNF232-AS1
hsa-miR-29a-3p,ZNF232-AS1
hsa-miR-29b-3p,ZNF232-AS1
hsa-miR-29c-3p,ZNF232-AS1
hsa-miR-613,ZNF232-AS1
hsa-miR-128-3p,MIR497HG
hsa-miR-15a-5p,MIR497HG
hsa-miR-15b-5p,MIR497HG
hsa-miR-16-5p,MIR497HG
hsa-miR-195-5p,MIR497HG
hsa-miR-197-3p,MIR497HG
hsa-miR-424-5p,MIR497HG
hsa-miR-497-5p,MIR497HG
hsa-miR-106a-5p,COX10-AS1
hsa-miR-106b-5p,COX10-AS1
hsa-miR-132-3p,COX10-AS1
hsa-miR-17-5p,COX10-AS1
hsa-miR-183-5p,COX10-AS1
hsa-miR-186-5p,COX10-AS1
hsa-miR-191-5p,COX10-AS1
hsa-miR-206,COX10-AS1
hsa-miR-20a-5p,COX10-AS1
hsa-miR-20b-5p,COX10-AS1
hsa-miR-212-3p,COX10-AS1
hsa-miR-302a-3p,COX10-AS1
hsa-miR-302b-3p,COX10-AS1
hsa-miR-302c-3p,COX10-AS1
hsa-miR-302d-3p,COX10-AS1
hsa-miR-302e,COX10-AS1
hsa-miR-361-5p,COX10-AS1
hsa-miR-372-3p,COX10-AS1
hsa-miR-373-3p,COX10-AS1
hsa-miR-503-5p,COX10-AS1
hsa-miR-519d-3p,COX10-AS1
hsa-miR-520a-3p,COX10-AS1
hsa-miR-520c-3p,COX10-AS1
hsa-miR-520d-3p,COX10-AS1
hsa-miR-539-5p,COX10-AS1
hsa-miR-613,COX10-AS1
hsa-miR-93-5p,COX10-AS1
hsa-miR-141-3p,SNHG29
hsa-miR-145-5p,SNHG29
hsa-miR-149-5p,SNHG29
hsa-miR-197-3p,SNHG29
hsa-miR-199a-5p,SNHG29
hsa-miR-199b-5p,SNHG29
hsa-miR-200a-3p,SNHG29
hsa-miR-223-3p,SNHG29
hsa-miR-22-3p,SNHG29
hsa-miR-326,SNHG29
hsa-miR-330-5p,SNHG29
hsa-miR-382-5p,SNHG29
hsa-miR-410-3p,SNHG29
hsa-miR-455-5p,SNHG29
hsa-miR-485-5p,SNHG29
hsa-miR-590-3p,SNHG29
hsa-miR-142-3p,CCDC144NL-AS1
hsa-miR-145-5p,CCDC144NL-AS1
hsa-miR-202-3p,CCDC144NL-AS1
hsa-miR-218-5p,CCDC144NL-AS1
hsa-miR-374a-5p,CCDC144NL-AS1
hsa-miR-374b-5p,CCDC144NL-AS1
hsa-miR-122-5p,LINC01270
hsa-miR-29a-3p,LINC01270
hsa-miR-29b-3p,LINC01270
hsa-miR-29c-3p,LINC01270
hsa-miR-326,LINC01270
hsa-miR-330-5p,LINC01270
hsa-miR-15a-5p,ERVK13-1
hsa-miR-15b-5p,ERVK13-1
hsa-miR-16-5p,ERVK13-1
hsa-miR-195-5p,ERVK13-1
hsa-miR-424-5p,ERVK13-1
hsa-miR-497-5p,ERVK13-1
hsa-miR-873-5p,ERVK13-1
hsa-miR-224-5p,SRRM2-AS1
hsa-miR-384,SRRM2-AS1
hsa-miR-340-5p,ZNF213-AS1
